movie_id,movie,release_date,franchise,review_id,review,review_date,days_since_release
557,Spider-Man,2002-05-01,Spider-Man,5c8429f592514127691f8310,Sam Raimi's Spider-Man captures the spirit of the comic book hero and it's still one of my all time favourite superhero movies. It lays out the perfect blueprint for a superhero origin story that I love revisiting every year or so. I've always been able to relate to Peter Parker growing up. Tobey Maguire and Co. delivered a great interpretation of the characters in a way that still can not be matched.,2019-03-09,6156
557,Spider-Man,2002-05-01,Spider-Man,5dc3308b470ead00158c8738,"So many Spiderman movies out there but this will always be the original. Though the other ones have better CGI and maybe action sequences, none can match the plot this one has.",2019-11-06,6398
557,Spider-Man,2002-05-01,Spider-Man,5dc38a688d22fc00183d1510,This is one of the few films that you can watch when you're bored and still be excited about what's going to happen (even though you've watched it over and over already and you've memorized almost all of the lines).,2019-11-07,6399
557,Spider-Man,2002-05-01,Spider-Man,5dc393ac9d89390015350524,I keep telling people that this is the real Spider-Man and I will always stand by that. Tobey Maguire the real MVP!,2019-11-07,6399
557,Spider-Man,2002-05-01,Spider-Man,5dc3999b7d2bc100173d1175,Films from the 2000s really are way different from the ones we have now. I wish all origin stories could be as good as this one.,2019-11-07,6399
557,Spider-Man,2002-05-01,Spider-Man,5dc56f5a99259c00157e4640,You can take your Tom Holland and Andrew Garfield with you. Tobey Maguire is the best Spider-Man of all time and no amount of CGI can change that!,2019-11-08,6400
557,Spider-Man,2002-05-01,Spider-Man,5dc57a4099259c00137db72b,It's 2019 and I still get chills every time I watch this film!,2019-11-08,6400
557,Spider-Man,2002-05-01,Spider-Man,5e00ef0765686e0013988081,Truly one of the most successful superheroes ever made!,2019-12-23,6445
557,Spider-Man,2002-05-01,Spider-Man,5e0102b665686e001597959a,"Was, still is, and will forever be one of my favorite childhood superhero movies!",2019-12-23,6445
557,Spider-Man,2002-05-01,Spider-Man,5e011b890284200014af8973,Lot of respect for Tobey Maguire for doing well on this one. He didn't do well in his previous films but he was able to do justice to Spider Man on this one.,2019-12-23,6445
557,Spider-Man,2002-05-01,Spider-Man,5e0286889bcd0f001706ffb0,Definitely made the list of greatest comic book adaptations.,2019-12-24,6446
557,Spider-Man,2002-05-01,Spider-Man,5e090413d236e60012a26d71,"Man, that scene with Uncle Ben broke my heart big time! Made me even think of my life choices.",2019-12-29,6451
557,Spider-Man,2002-05-01,Spider-Man,5e09051bfea0d70016bb5d7b,I've read the comics and I can say that this is truly the comic book come to life!,2019-12-29,6451
557,Spider-Man,2002-05-01,Spider-Man,5e09237aeda4b70012305fe4,"You know a film is good when you're able to quote something from it. ""With great power, comes great responsibility""",2019-12-29,6451
557,Spider-Man,2002-05-01,Spider-Man,5e09beb8d35dea001120edc1,This film is one of the reasons why 2002 was a great time to be alive!,2019-12-30,6452
557,Spider-Man,2002-05-01,Spider-Man,5e0e0cbefd4f8000155f3f44,It's not a surprise that this is considered one of the most successful superhero movies ever made.,2020-01-02,6455
557,Spider-Man,2002-05-01,Spider-Man,5e0e16d3c2f44b00132fc6d0,It's amazing how they were able to balance action and human element in this movie.,2020-01-02,6455
557,Spider-Man,2002-05-01,Spider-Man,5e0e211ac2f44b00172fa127,"To sum it up, this is the first Spider-Man film with everything leveled up.",2020-01-02,6455
557,Spider-Man,2002-05-01,Spider-Man,5e0e2b8a6dc6c000184d2a0e,"Sam Raimi sure knows how to make a good superhero film. He was able to give so much depth to Spider-Man, a hero we only know from comic books.",2020-01-02,6455
557,Spider-Man,2002-05-01,Spider-Man,5e0e47c568b1ea00157fd463,The greatest part about this is Toby Maguire's acting. He made everything so much more believable that it was hard not to be engrossed in the movie.,2020-01-02,6455
557,Spider-Man,2002-05-01,Spider-Man,5e0e52fd68b1ea00187f9dcc,It has everything I expected for in a superhero film and more!,2020-01-02,6455
557,Spider-Man,2002-05-01,Spider-Man,5e0f0bb35907de0012d752cb,Movie was very engrossing. All thanks to Tobey Maguire for delivering such a believable performance.,2020-01-03,6456
557,Spider-Man,2002-05-01,Spider-Man,5e0f3dfc663b8700137efcc3,Tobey Maguire was made for this role. Gonna be hard for me to shake the image of Spider-Man when I see him on other films from now on.,2020-01-03,6456
557,Spider-Man,2002-05-01,Spider-Man,5e107cf7663b87001581855e,"When you realize it was only 2002 when this movie came out and even with that, this movie can be considered up to par with the movies of today, you realize that it's definitely one of the classics.",2020-01-04,6457
557,Spider-Man,2002-05-01,Spider-Man,5e12195cd64ac20018645d47,"Sam Raimi is the true mvp on this one. He paid so much attention to even the little details on this move and because of that, we are all richly rewarded.",2020-01-05,6458
557,Spider-Man,2002-05-01,Spider-Man,5e124b42fc5f0600198f808c,I just wish studios would start making great films such as this one again. Today it's just all about hype but no substance.,2020-01-05,6458
557,Spider-Man,2002-05-01,Spider-Man,5e12659a9020120018b696c4,"No other superhero origin film can match the story, the writing, and the soul this one has.",2020-01-05,6458
557,Spider-Man,2002-05-01,Spider-Man,5e12c61cd64ac2001464f89d,"Normally I don't enjoy comic book adaptations, but this is one of the very few exceptions.",2020-01-06,6459
557,Spider-Man,2002-05-01,Spider-Man,5e12ca30fc5f0600179086b5,A comic-book adaptation that won't disappoint like Superman and Batman!,2020-01-06,6459
557,Spider-Man,2002-05-01,Spider-Man,5e12ce2dd64ac200146501de,I can't think of any reason why anyone would not fall in love with this film. Maybe they just have a bad attitude.,2020-01-06,6459
557,Spider-Man,2002-05-01,Spider-Man,5e12d29e8741c400123daef5,"A great blend of action, adventure, humor, emotion, thrills and fiction - things you won't expect in a superhero film.",2020-01-06,6459
557,Spider-Man,2002-05-01,Spider-Man,5e20d6a920af7700143764b9,Making superhero films is tricky in the sense that you have to have that balance of fight scenes to make it enjoyable and enough character back story to really give that character some depth.,2020-01-16,6469
557,Spider-Man,2002-05-01,Spider-Man,5e20e027397df00012966999,"It may not have the best CGI effects, but for sure everything else - the plot, the script, and the acting - is on the same level as other great superhero films like Batman and Superman.",2020-01-16,6469
557,Spider-Man,2002-05-01,Spider-Man,64f42b3fcaa50800e95342fe,"Tobey Maguire was always going to have a tough task revitalising this franchise - but I think he has done a decent job here. The geeky, shy, young ""Peter Parker"" bitten by a genetically-modified spider that endows him with superhuman powers, decides to use his newly-found prowess for good. Dressed only in a pair of loosely converted pyjamas, he polices the streets at night apprehending thugs and petty criminals whilst during the day he remains the butt of jokes and pranks at school - usually at the hands of school heart-throb/dim-wit ""Flash"" (Joe Manganiello). He is best friends with ""Harry"" (the handsome, but pretty ineffective James Franco) who is not only the son of mega-rich scientist ""Norman Osborn"" (Willem Dafoe) but who is also dating his own dream girl ""Mary Jane"" (Kirsten Dunst). When his board try to take the ""Osborn"" company away from him, Dafoe starts experimenting with drugs that transfer him from a megalomanic scientist into - well a megalomanic ""Green Goblin"" - and it falls to ""Spidey"" to save the city and, of course, get his gal. Maguire is engaging in this, he has a glint in his eye and he enters into the spirit of this light-hearted fantasy adventure well. The writing is good in places, if a little too earnest at times, and the visual effects work well. They don't overwhelm the acting - maybe because the spider skills are inherently a little less showy - and this allows the story to focus more on a few engaging characterisations. JK Simmons is good as newspaper editor ""Jameson"" and there are a few nice cameos scenes from Cliff Robertson and Rosemary Harris as his uncle and aunt. Sam Raimi has kept the pace tight, there is plenty of action peppered with some humour, some ham from Dafoe and a decent amount of scary science to keep this moving along well for two hours.",2023-09-03,7795
558,Spider-Man 2,2004-06-25,Spider-Man,54afa069c3a3682e40001674,"**Superheroes Anonymous**

Tragically I am a Batman. An obsessive Caped Crusader comic-book collector until 1972 when my evil mother tossed the entire bunch in the garbage. My cousin was Spider-man. His noble mother preserved his collection with plastic envelopes and to this day they remain in pristine condition. 

What's truly tragic about being a Batman is that, despite Nolan's recent attempts (and questionable sincerity), the best Batman movie hasn't been made yet. As far as we know, with Batman's fate resting with Warner Bros, David Goyer, Zak Snider and Ben Affleck, the best Batman movie will not be possible for another decade or two, maybe three. I await thee Dark Knight.

Again to my cousin's good fortune, the best movie about Spider-man has been established for quite some time. In fact, as a benchmark, it is arguably the best comic-book super-hero movie ever made. I didn't much love Sam Raimi's first Spider-man, and wished my mother could have disposed of his last entry, but _Spider-Man 2_ was, and is, the ultimate movie adaptation from comic-books to the movie screen. 

I was living in Shanghai in the summer of 2004 where I had to commute 3 hours on a hot and dizzy day to see it in English, and was fully rewarded for the effort. I was thrust into a imaginary super-hero world far more pleasing than anything I could remember since childhood. The 3 hour commute back home seemed like a breeze because Spider-man 2 awoke the wonder-struck boy inside me. It reminded me of a happy youth I forgot I had. It felt like Spidey was on the subway with me and would protect me from any harm. And he was just a boy himself! Batman? Who's that?

For a super-hero story, nearly everything is perfect in this movie. Doc Ock couldn't have been better. He looked exactly the way he did, at the height of Stan Lee's eminence, in the brightly coloured panels fighting Spider-man in 1968. And sounded just like I imagined he would. Peter and Mary Jane were in their element and their friendship and romantic undertaking actually mattered. The story and action played out the way a comic book should. It was both intimate and fantastic. Trippy, wonderful and scary. It was like growing up all over again. The climax was a bit too flashy, loud and over-the-top at that time, but by today's standards, when compared to climactic train-wrecks in _Man of Steel_, _Iron Man 3_ and _The Avengers_, it's perfectly splendid.

We are now being helplessly bombarded with comic book movies attacking us from every direction, all of them trying to out-do each other, jumping one shark after another. Every marginal superhero from Dr Strange to Shazam is being dusted off and hurled onto the big screen for our insatiable happy-childhood-appeasing appetite. The Marvel of Disney is launching at us one theme-park roller-coaster ride after another. Sony, with their Amazing Spider-man abominations, has completely lost it. Fox's X-Men and Fantastic Four proliferations hit the wall long ago. And DC, under the reigns of Warner Bros, has transfigured into its own worst enemy. A wretched mutation not even the Joker finds amusing.

Turns out Sam Raimi's _Spider-Man 2_ is the gold standard by which all comic-book movies, certainly those of the super-hero variety, are and, evidently, will be set. Lucky cousin.",2015-01-09,3850
558,Spider-Man 2,2004-06-25,Spider-Man,5c8429660e0a26430562cce2,"I don't think anyone can review this movie better than what Roger Ebert said about it back in 2004: ""It's a real movie, full-blooded and smart, with qualities even for those who have no idea who Stan Lee is. It's a superhero movie for people who don't go to superhero movies, and for those who do, it's the one they've been yearning for.""

I also don't think any film has so eloquently defined a hero the way Aunt May does in a wonderfully heartfelt and poignant scene half way through the film.

I do think the villain of Doctor Octopus is underdeveloped in both logic and motivation (although Alfred Molina is great), Mary Jane Watson is too dependent on the men in her life, and the friendship arc between Peter and Harry is a bit contrived, but none of these flaws affect what is otherwise a beautifully constructed film and a worthy sequel to the original.",2019-03-09,5370
558,Spider-Man 2,2004-06-25,Spider-Man,5dc330b89d893900183427f4,Sony did a great job of focusing on what really matters in this movie - the character. Here we see a relatable Peter Parker who can't seem to catch a break and when he does it just feels so satisfying to watch him rise up from all the challenges he faced.,2019-11-06,5612
558,Spider-Man 2,2004-06-25,Spider-Man,5dc38a728d22fc00143d1eb2,It was amazing to see what they did to Harry's character. He went from being Peter's best friend to mortal enemy. I can't blame him though cause what do you expect would happen if you found out your best friend was the one who killed your father?,2019-11-07,5613
558,Spider-Man 2,2004-06-25,Spider-Man,5dc393b77d2bc100113c8ed1,"Is it me or does MJ get more and more annoying with every film? Still a 10/10 film for me because I'm not here for her, I'm here for my boy, Peter Parker!",2019-11-07,5613
558,Spider-Man 2,2004-06-25,Spider-Man,5dc56f667d2bc1001740b1b3,"To me, it felt like what Uncle Ben imparted to Peter in the first film - with great power comes great responsibility - was the very essence of this film. He had too much power, too much responsibility, and he needed to find a way to balance all of that.",2019-11-08,5614
558,Spider-Man 2,2004-06-25,Spider-Man,5dc57a4d6f8d950013c2f477,You're not a real Spider-Man fan if you haven't watched this.,2019-11-08,5614
558,Spider-Man 2,2004-06-25,Spider-Man,5e00ef25d236e60016918cfc,I was completely blown away! The 11-year-old in me definitely connected with this film on another level and made me remember just how much I loved superheroes.,2019-12-23,5659
558,Spider-Man 2,2004-06-25,Spider-Man,5e011b9175110d0011d89295,Big shoutout to Tobey Maguire for giving so much life and soul to Peter Parker. I can't imagine anyone else doing so well like he did.,2019-12-23,5659
558,Spider-Man 2,2004-06-25,Spider-Man,5e028690c5840d0015093f3e,You can definitely feel the effort that the studio put into every scene in the movie.,2019-12-24,5660
558,Spider-Man 2,2004-06-25,Spider-Man,5e0923de2fccee00105da017,"Tobey Maguire did a great job making Peter Parker a young man that you would feel for, wince with, and watch slowly as he turns from this young boy into a man.",2019-12-29,5665
558,Spider-Man 2,2004-06-25,Spider-Man,5e09c241d35dea00162112d8,This is one of the OG films that paved the way for the superhero films of today. I can't express how thankful I am for Tobey Maguire for being the pioneer!,2019-12-30,5666
558,Spider-Man 2,2004-06-25,Spider-Man,5e0e0cc56dc6c000184cff71,Definitely a fan's dream-come-true! Studios of today should take notes from films like this if they want to produce a successful superhero film.,2020-01-02,5669
558,Spider-Man 2,2004-06-25,Spider-Man,5e0e16dd6dc6c000134d2120,"Here in this movie, we see more of the human side of Spider-Man and saw how this boy turned into a man trying his best to fulfill his responsibilities being a human and superhero at the same time.",2020-01-02,5669
558,Spider-Man 2,2004-06-25,Spider-Man,5e0e210c6dc6c000154cce74,I thoroughly enjoyed it and I think it's one of the most engrossing superhero movies there is.,2020-01-02,5669
558,Spider-Man 2,2004-06-25,Spider-Man,5e0e2b9668b1ea00137fc7b1,"I really, really appreciate that they highlight character development and storyline more than the fight scenes.",2020-01-02,5669
558,Spider-Man 2,2004-06-25,Spider-Man,5e0e47cec2f44b0011305e99,A surprisingly outstanding sequel to the first Spider-Man film.,2020-01-02,5669
558,Spider-Man 2,2004-06-25,Spider-Man,5e0e53069974ee0015a6c692,"All the action, comedy, and drama had such a delicate balance. It's pretty amazing to see such a precise blend of these emotions in a superhero film.",2020-01-02,5669
558,Spider-Man 2,2004-06-25,Spider-Man,5e0f0ce26818880012594d53,"If you ask me, this is leaps and bounds better than the Superhero films - even the Batman films. Spider-Man is that person anyone can relate to. He has such a big human side to him that it's hard not to resonate with him.",2020-01-03,5670
558,Spider-Man 2,2004-06-25,Spider-Man,5e0f409658361b0015bfd5a5,Wanna see what a flawless film looks like? Go see this one now!,2020-01-03,5670
558,Spider-Man 2,2004-06-25,Spider-Man,5e107dd85907de0012da5c19,"More than just a comic book hero, Spider Man is a person with human problems, responsibilities, and the same human struggles each of us go through. This is exactly the reason why a lot of people like him so much.",2020-01-04,5671
558,Spider-Man 2,2004-06-25,Spider-Man,5e1219d9d8af670014bcdb03,"Sequels usually have this thing where they end up being total garbage compared to the first, but surprisingly, Spider Man 2 was on point. Same quality, same amazing plot, and same award-winning performance by Tobey Maguire.",2020-01-05,5672
558,Spider-Man 2,2004-06-25,Spider-Man,5e124c17fc5f0600198f81d8,"Rather than trying to top the first film, Spider Man 2 builds upon each of the elements of it. Better fight scenes, better effects, better script, better acting, etc.",2020-01-05,5672
558,Spider-Man 2,2004-06-25,Spider-Man,5e1267aad8af670014bd672b,"Spider Man 2 has it all - a great story line, action that'll leave you at the edge of your seats, more romance, humor, fine acting, and excellent pacing.",2020-01-05,5672
558,Spider-Man 2,2004-06-25,Spider-Man,5e12c6215907de0017df98ac,"Not only did they have great storytelling and scriptwriting, but they also had amazing actors as well! They definitely brought so much emotions out of every scene.",2020-01-06,5673
558,Spider-Man 2,2004-06-25,Spider-Man,5e12ca38fc5f0600179086c1,"Never have I seen so much realism in a film, let alone a superhero film. Amazing director!",2020-01-06,5673
558,Spider-Man 2,2004-06-25,Spider-Man,5e12ce36d64ac200146501e5,Read the comic book and you'll appreciate more how they stayed true to the book!,2020-01-06,5673
558,Spider-Man 2,2004-06-25,Spider-Man,5e12d2a9d64ac20014651719,One of the nearly-flawless superhero movies we have and is a definite must-watch for all generations.,2020-01-06,5673
558,Spider-Man 2,2004-06-25,Spider-Man,5e20d701397df00012964cae,"Alfred Molina delivered a top performance in this film! Even with the short screen time, he made such a great impact on the overall quality of the movie.",2020-01-16,5683
558,Spider-Man 2,2004-06-25,Spider-Man,5e20e072cf4b8b0017ef20fa,"Full of action, plenty of adventure, and  even with the technology back then, this still has award winning special effects for its time.",2020-01-16,5683
558,Spider-Man 2,2004-06-25,Spider-Man,66b881215d83aa505e285614,"Following on closely from the first outing (2002) for Tobey Maguire in his red and blue suit, we find him using his now finely honed spidey powers for the good of New Yorkers whilst struggling at school and to hold down a job as a pizza delivery boy. His best pal ""Harry"" (James Franco) is still grieving for his murdered dad and, of course, his hormones are all over the place when it comes to ""MJ"" (Kirsten Dunst). He has a paper to write that might look better if he meets ""Dr. Octavius"" (Alfred Molina) and so when he discovers that he is doing some work for ""Harry"", a meeting is arranged which leads to a scientific experiment that - well let's just say that the well meaning scientist now turns into something of a metallic maniac! A side effect of this experiment seems to be giving ""Spidey"" a bit of limp-web syndrome, and he concludes that maybe his new powers have brought him nothing but grief. Should he hang up his lycra? That would please his newspaper boss ""Jameson"" (JK Simmons) but it would also rob him of much needed cash as his rent is due and poor old Aunt May (Rosemary Harris) is having difficulties with her mortgage. See - he has not his problems to seek! Meantime, the marauding tin machine does a deal with the avenging ""Harry"" to deliver our hero in return for an element that will provide for an eternal source of energy (or, more likely, destroy the planet) and this puts everyone at risk as the newly christened ""Doc. Ock"" starts to piece together a puzzle that will expose the true identity of ""Spider-Man"" and compromise those he loves... It's a bit of a slow start, this one, but once the explosions have started to come, it moves along apace with plenty of action, a minimum of cluttering romance, and some fun one-liners from the more prominent Simmonds as it transpires that his son (Daniel Gillies) is engaged to be married to - well that'd be telling. Maguire is confident holding this together and Sam Raimi uses his visual effects, especially at the end, to complement rather than overwhelm a story that's a sort of superhero equivalent of a coming of age tale. It's a big screen standard with Danny Elfman's recognisable score helping to deliver a solid and entertaining adventure film that might actually be better than the first one.",2024-08-11,7352
558,Spider-Man 2,2004-06-25,Spider-Man,6a6b0f2a11074bed720e7cd8,Where’s ***Spider-Man 2.1 because I think we should start doing movies like tv shows so hear me out take for example* [The Bionic Woman](/tv/2275-the-bionic-woman?language=en-US)** [(1976)](/tv/2275-the-bionic-woman?language=en-US) It’s main name of franchise and under it has seasons and episodes ok let’s change name to movie edition list every version under that for example main title spider man 2 under it list of spider man 2.1 or lotr 1 lotr extended edition etc that way it’s easy way to get all information in one spot,2026-07-30,8070
559,Spider-Man 3,2007-05-01,Spider-Man,5c8428b3c3a3684e8cdad205,"After the success of the first two Spider-Man films, Spider-Man 3 represents Sam Raimi's inability to overcome the biggest hurdle of a third movie, a hurdle that Alien 3, The Godfather Part 3, RoboCop 3, and the list goes on could not: studio interference.

Although I wish that would be the only thing wrong with Spider-Man 3. But almost every storytelling decision - from the creation of Sandman to Peter instantly falling in love with his new costume to that thing that was never actually called Venom - is just plain stupid. Right from the get go you hate Peter Parker.

Studio interference did not mandate the jazz bar dance scene. It did not have the Green Goblin 2 storyline make absolutely no sense whatsoever. It did not create that stupid love triangle between Gwen and Mary Jane, betraying everything Peter Parker is supposed to be about.

These were fundamental issues in the script and direction the film took. These were issues that doomed the film for failure. That's why this movie sucks, not just because they butchered Venom.",2019-03-09,4330
559,Spider-Man 3,2007-05-01,Spider-Man,5dc330999d893900183427d9,"This movie is about Spidey's revenge and  transformation to bad Spidey. It has a dark feel to it that I found one of the most appealing factors to this movie. Because we've all gotten used to Peter Parker being ""your friendly neighborhood Spider-Man,” having him turn to the dark side for some time and watch him get out of it was a whole new experience.",2019-11-06,4572
559,Spider-Man 3,2007-05-01,Spider-Man,5dc38a807d2bc100133d082d,"Tobey Maguire makes such a great Spider-Man, hands down. We've seen him at his best, but in this movie,  we saw him at his worst, and although I must say I wasn't that big of a fan of how cheesy he looked with that emo cut, it was still enjoyable for me watching him beat the ""venom"" out of him.",2019-11-07,4573
559,Spider-Man 3,2007-05-01,Spider-Man,5dc393c1470ead00138cec4d,So much emotion in this movie! What a way to end a trilogy!,2019-11-07,4573
559,Spider-Man 3,2007-05-01,Spider-Man,5dc399ad9d89390015350f29,The third and final film to one of the few trilogies we have that are actually good. Tobey surely gave a whole new meaning to Spider-Man and set the bar high for the other Spider-Man movies that came out.,2019-11-07,4573
559,Spider-Man 3,2007-05-01,Spider-Man,5dc56f70ab1bc70015ff0aac,"I know this is supposed to have a darker tone than the normal Spider-Man movies we see, but I found it more comedic to see Peter take on an entirely new character. Loved it though!",2019-11-08,4574
559,Spider-Man 3,2007-05-01,Spider-Man,5dc57a5b7d2bc100134084c4,"My wife isn't that big of a superhero fanatic but after watching this whole trilogy with me, I can say that she's still not a superhero fan! Still, I know she was able to enjoy the movie and how the creators told the story.",2019-11-08,4574
559,Spider-Man 3,2007-05-01,Spider-Man,5e00ef3475110d0018d86c28,It still puzzles me to this day why this felt like two movies crammed into one.,2019-12-23,4619
559,Spider-Man 3,2007-05-01,Spider-Man,5e0102c80284200019af5240,"Now that I think about it, this film just had too much going on. Compared to the first two which were both hyper-focused on just one storyline, Spider Man 3 lacked that distinct characteristic which I know most of us will agree on.",2019-12-23,4619
559,Spider-Man 3,2007-05-01,Spider-Man,5e011b99d236e60010921cfe,"Out of all the Tobey Maguire Spider Man films, this one had the best effects. But with that, the overall quality of the movie in terms of the plot greatly decreased. I wish they would've stuck with the same strategies they had for the first two films.",2019-12-23,4619
559,Spider-Man 3,2007-05-01,Spider-Man,5e02869cd1a89300128f67ca,"I was satisfied, but that already was a disappointment. Spider Man 2 was a great sequel and I had high hopes that they would outdo themselves again this time, but sad to say third time's not gonna be the charm for Spider Man.",2019-12-24,4620
559,Spider-Man 3,2007-05-01,Spider-Man,5e0906924c1d9a0013e5c776,"Although I'd say that Sandman's acting was pretty on point, I still feel like he could've been cut out from the movie and it still would've made sense.",2019-12-29,4625
559,Spider-Man 3,2007-05-01,Spider-Man,5e09243f26dac1001776f6ca,"Spider Man 3 is still pretty good but when you compare it with its other two predecessors, you can see that there is a huge step down in the overall quality of the film.",2019-12-29,4625
559,Spider-Man 3,2007-05-01,Spider-Man,5e09c56500508a0012969b61,Man I wish they didn't have to kill off Harry so quickly after he had just reconciled with Peter. That scene broke me so much.,2019-12-30,4626
559,Spider-Man 3,2007-05-01,Spider-Man,5e0e0ccd9974ee0017a62375,They had too many concepts that they tried to cram in one movie that it ended up being an awkward mess.,2020-01-02,4629
559,Spider-Man 3,2007-05-01,Spider-Man,5e0e16e668b1ea00157f82fa,"Tobey Maguire isn't good at being bad. Don't get me wrong, he played a great Spider-Man in the first two films but he just isn't cut for being evil.",2020-01-02,4629
559,Spider-Man 3,2007-05-01,Spider-Man,5e0e21236dc6c000154cce8b,I really tried my best to not hate it but it's hard not to compare it to the first two successful Spider-Man movies.,2020-01-02,4629
559,Spider-Man 3,2007-05-01,Spider-Man,5e0e2ba0c2f44b00132ff408,It felt like a totally different Spider-Man. It's such a shame because they had such a good storyline that connected the previous films.,2020-01-02,4629
559,Spider-Man 3,2007-05-01,Spider-Man,5e0e47dd6dc6c000184d567a,Great action sequences and character development is lost when you try too hard to cram too many things into one 2-hour movie.,2020-01-02,4629
559,Spider-Man 3,2007-05-01,Spider-Man,5e0e530fc2f44b0011307856,"Yes, there was too much to process, but I still think it's a great ending to an epic trilogy.",2020-01-02,4629
559,Spider-Man 3,2007-05-01,Spider-Man,5e0f0e776818880014596fec,This still is a great movie even if it felt like two separate movies stacked on top of each other. This would've worked really well if maybe they had more time to put everything together.,2020-01-03,4630
559,Spider-Man 3,2007-05-01,Spider-Man,5e0f41a0d64ac200185e3561,"Tobey Maguire isn't that great of an actor when it comes to playing a bad guy, but it still was enjoyable for me to see him take on a different role. We've gotten so used to seeing him the friendly neighborhood that he is. It was nice to see him change up things a bit.",2020-01-03,4630
559,Spider-Man 3,2007-05-01,Spider-Man,5e107f46d64ac2001460ab06,I'm not hating on the studio for doing a bad job on this one but this is just what happens when you try to please everybody. It's such a shame that the original Spider Man franchise had to end like this. I wanted it to be so much more memorable.,2020-01-04,4631
559,Spider-Man 3,2007-05-01,Spider-Man,5e121a8ce78e2d0017769f05,"There's just simply too much going on. You can't have romance between two main characters, a conflict between best friends, an inner battle with the protagonist, and two villains each having their own storyline all in just one film. It's just spread out too much that no one really gets a chance for character or story development.",2020-01-05,4632
559,Spider-Man 3,2007-05-01,Spider-Man,5e124ca3e78e2d00157766e7,Sure the fight scenes were cool and all but wouldn't it have more sense to just follow a single storyline rather than having 4-5 plots colliding with each other?,2020-01-05,4632
559,Spider-Man 3,2007-05-01,Spider-Man,5e12680c9020120018b69b9b,I love Spider-Man but this has got to be the worst film out of the three original films.,2020-01-05,4632
559,Spider-Man 3,2007-05-01,Spider-Man,5e12c628d8af670012be2da7,I love it as much as the first two films!,2020-01-06,4633
559,Spider-Man 3,2007-05-01,Spider-Man,5e12ca425907de0012dee1be,"It was way different than the first Spider-Man films but I appreciate it for what it is - a darker, more complex film.",2020-01-06,4633
559,Spider-Man 3,2007-05-01,Spider-Man,5e12ce3c8741c400123da338,"I'm just happy that we have such a great ending to an epic trilogy. Even though it wasn't what we expected, it still holds up.",2020-01-06,4633
559,Spider-Man 3,2007-05-01,Spider-Man,5e12d2afd64ac20014651720,There are a couple of flaws with this film but I believe that they didn't entirely destroy the movie.,2020-01-06,4633
559,Spider-Man 3,2007-05-01,Spider-Man,5e20d75120af770014376534,If only they could've done a better job with Spider Man 3. It would've been up there together with Matrix as one of the few trilogies that didn't suck.,2020-01-16,4643
559,Spider-Man 3,2007-05-01,Spider-Man,5e20e0bd8f26bc001371e6a4,"Even though Spider Man 3 was not as good as the first two, I still want to thank Tobey Maguire and everyone else for putting out a lot of effort to give us an ending to the first Peter Parker.",2020-01-16,4643
559,Spider-Man 3,2007-05-01,Spider-Man,5fc0de75ac8e6b003d34d275,"An actually good superhero film that is barely topped nowadays-- even compared to the moneymaking machine that is the MCU. A few exceptions are The Dark Knight, The Dark Knight Rises, Man of Steel, and Spider-Verse, that's about it really. A really underrated and overhated film.",2020-11-27,4959
559,Spider-Man 3,2007-05-01,Spider-Man,66c465f7662cfb6720970b1e,"This is a bit of a mess of ideas, this film, and to be honest - I think Tobey Maguire has rather outgrown the part. His youthful vigour has gone and his sense of mischief is really overplayed as this struggles to fill 2¼ hours. It's been three years since the last outing and now he is dating the would-be Broadway star ""Mary Jane"" (Kirsten Dunst) - who knows all about his alter-ego, whilst ""Harry"" (James Franco) is out to avenge his father. An early set-to between junior ""Goblin"" and our webbed wonder sees the former awaken in hospital with memory loss, so maybe things will all just revert to normal with our our happy triumvirate? Of course not. Escaping felon ""Marko"" (Thomas Haden Church) - the man who killed ""Uncle Ben"" finds himself caught up in a secret molecular testing process that sees his body reduced to sand. That's proves quite useful for a man who is intent on robbing banks to get the cash to pay for treatment for his ill daughter. As if he wasn't going to be enough of an bucketful for ""Spidey"", there's also an alien entity that landed on the back of a meteor and that has attached itself to our hero, encouraging his nasty side to take prominence. That's equally handy for him as he discovers that fellow photographer ""Eddie"" (Topher Grace) is after his job. With battles to fight on just about every front, no wonder the frazzled ""Peter"" starts making erratic choices that even the sagely ""Aunt Mae"" (Rosemary Harris) can't help with. Danny Elfman and Christopher Young might as well have written the script as their themes/score sets much of the tempo for a film that's trying to cram too many undercooked storylines into it - and not really doing justice to any of them. It clutters things up with the tiresome on/off romantic liaisons between the under-used Dunst and her boyfriend and there's just no menace here at all. There are a few moments of amusement, entirely from the brief scenes featuring J.K. Simmons as their tyrannical editor who must learn to control his blood pressure, but sadly I think Sam Raimi just ran out of ideas to keep this from slipping into a web of repetition and mediocrity.",2024-08-20,6321
1930,The Amazing Spider-Man,2012-06-23,Spider-Man,5192715d19c2950a16225394,"“The Amazing Spider-Man” has no reason to exist. Spider-man is a hero everyone knows. He´s been around for so long everyone is familiar with his origin, comic fan or not. Its basic pop culture. Then you have the Sam Raimi´s movies. Everyone saw them. They made loads of money and they´re always on tv. They are entertaining movies. “Spider-Man” gave us a good origin story in 2002. This movie simply wasn't needed. 
Now I gave it the benefit of the doubt. There´s Burton´s Batman and Nolan´s. Maybe this was a different Spider-Man. A more “dark” vision perhaps! Maybe the movie spent a few minutes on the origin and then wisely moved on with its story. Maybe... well maybe it wasn't just another rehash. A shameless attempt to remake, or how they say it these days, reboot the same idea with minimal changes except the cast. I was naive.
The whole movie is about Spider-Man´s origin. They traded Mary Jane for another love interest and held off on “The Green Goblin” because that would be too much “rubbing it in the face” for the fans, I guess. We get Gwen Stacy and “The Lizard”. The rest is same old, same old. The same uncle Ben plot, the same scenes about making the suit, learning how to control powers, the search for the criminal Spider-man lets get away with horrific results. Same thing. Except everything is done without a spark of energy or creativity. Raimi´s movies were energetic, flowing with excitement. They were “new”. Seeing Spider-Man on the big screen,  webbing all over the city, fighting “The Green Goblin”, it was amazing. We didn't have “The Avengers” back there, or “Iron Man”. This was like a dream come true for comic fans. 
“The Amazing Spider-Man” smells of old cheese. 
I tried to take the movie for what it was but it was impossible. My mind would not let me. I knew what was going to happen next. I knew all the plots! I´d seen it all before! 
But even ignoring that the movie just does not work. Its slow, turgid with an unlikable Peter Parker and a CGI lizard for a villain. Parker is a whiny, self centered idiot. His relationship with aunt May and uncle Ben is never fully explored and what little there is consists of Parker being a rude jerk for no reason at all. 
The movie has one thing going for it. The cast. Sally Field and Martin Sheen are great with what little material they have. Emma Stone is sexy and sweet which is “her thing” and again she pulls it off brilliantly.  Rhys Ifans is decent as Curt Connors and surprisingly enough I loved Andrew Garfield as Spidey. Yes, seriously! He looks perfect for the part and he did his best with the horrible script. He´s charismatic and brought his own touch to the role instead of copying Toby Maguire. If the movie is even slightly original its because of him. 
Some of the action in the last third of the movie is also spectacular. Spider-man´s movements when fighting are really well done as is the web-slinging. The action is well directed and exciting and the movie sets up a sequel rather nicely. 
But its asking a lot to go over the material everyone knows for two hours for a few minutes of cool action. The movie plays it so safe it hurts. Its competent but never brilliant. Tedious but far too long with little spots of action but few and far between. 
I hope in the sequel this “Spider-Man” can find its own style and its own place. Given space to grow and evolve, on the strength of the character and Garfield´s acting this could be the weak start to a new amazing super-hero trilogy. 
Then again, maybe i´m just naive.",2013-05-14,325
1930,The Amazing Spider-Man,2012-06-23,Spider-Man,5a71f1cd9251417f1600a830,"This is the fourth spider man movie although it is not the fourth sequel but rather one of these reboots which seems to be so popular today. I found the movie to be quite enjoyable but at the same time a bit of a let-down.

In some ways it is better than the previous trilogy by Sam Raimi (well it is not very hard to make something that is better than the 2nd installment in that trilogy of course). The film is darker, more serious and Spider Man is not so silly and a total mess-up when out of his costume as the character portrayed by Toby Maquire.

However, this movie has its own faults which makes me have to think hard whether it is really that much of an improvement over the previous movie and this is what makes me feel a bit let-down since I had hope that this reboot would be that “real” Spider Man movie that enabled me to forget about the previous ones.

A lot of not so interesting scenes are really dragged out and the important stuff is rushed. Peter Parker’s transition to Spider Man after his bitten is over and done with quite quickly. In another scene he spends 5 minutes trying to talk some kid out of a car. He even takes off his mask and gives it to him (what the f…) and in the end just zips him out with a net shot. He could have done that right away and spared us the boring time.

Generally I think this movie is indeed a better Spider Man movie than the previous ones though and I quite enjoyed the movie evening yesterday, just not as much as I hoped.",2018-01-31,2048
1930,The Amazing Spider-Man,2012-06-23,Spider-Man,5d12a5550e0a267dceca3083,"Webb's Spider-Man, Spider-Man, does what ever a Spider can.

The Amazing Spider-Man is directed by Marc Webb and collectively written by James Vanderbilt, Alvin Sargent and Steve Kloves. It stars Andrew Garfield, Emma Stone, Rhys Ifans, Denis Leary, Martin Sheen and Sally Field. Music is by James Horner and cinematography by John Schwartzman. 

Peter Parker (Garfield) was orphaned as a boy when his parents were killed in a plane crash, raised by his Uncle Ben (Sheen) and Aunt May (Field), he is a clever lad but something of an outcast at high school. While investigating the disappearance of his parents and sporting a crush on class mate Gwen Stacy (Stone), Peter's life is tipped upside down when he is bitten by a radioactive spider that gives him abnormal powers. 

While the Spider-Man franchise doesn't (thankfully) come packaged with the kind of bizarre mania that comes with Batman, the acolytes are a tough bunch to figure out. Sam Raimi's trilogy garnered close towards $2.5 billion worldwide, yet now, with this reboot (actually it's a reimaging) trundled off of the Sony production line, there are plenty of ""fans"" coming forward to say they never rated Raimi's films! Magurie was this, Dunst was that, Raimi missed the beat of the comic version of Spidey and etc and etc. Well I'm sorry, but I just don't remember any fall out apart from the near unanimously agreed upon over stuffing of Raimi's part 3. Perhaps I just didn't go on the right Spider-Man forums? But even then it's hard to argue with a box office take of $2.5 billion, those figures have to be made up of a good proportion of Spidey fans, surely? You would reasonably think. 

I mention it because The Amazing Spider-Man has met with reviews from each end of the scale. Those at the high end who support the ""reimaging"" seem to focus on it being close to the real Spidey universe they wanted, with great casting, better effects work and a origin story of worth. At the other end is the arguments that ""reimaging"" a film that is only ten years old is daft, especially since it actually doesn't bring the promised new direction or origin story of worth. In fact it just juggles bits of the Raimi trilogy and plays it out with other Spider-Man characters instead. While Garfield is hardly an improvement since he's way too old for high school as well! The truth is that Webb's movie falls somewhere in between both sides of the argument, and that's not just me being Switzerland and staying neutral! 

Negatively it plays out as a compromised production and not the film that the makers initially set out to make, there are too many dangling threads and haphazard edits that leave narrative gaps. An Important character disappears off the radar, other characters are given limited time to breathe, and crucial plot points are arrived at with stupendous leaps of logic. A coda spliced into the end credits tries to entice us for the sequel, suggesting that the quick wipe over the origin ""origin"" story was deliberate, it's unlikely, and feels like an afterthought. For a film that purports to be putting its own stamp on the Spidey universe, it quite often makes you think of Raimi's films anyway. It may be The Lizard instead of Green Goblin and Gwen instead of MJ, but the emotional and psychological beats are still the same. Reboot? My arse. Oh and Horner, who I'm normally a fan of, has turned in a score that lacks vim and vigour, it aspires to be full of swirling superhero fervour to raise the goose flesh on your arms, but instead it's just goose, and not a decently cooked one at that. 

However, on the positive side of things, low expectation really helped me to enjoy the film, and I even watched it a second time to check over some initial reactions I had. There is still a lot to enjoy here. Acting is of a high standard (Ifans' performance as Curt Connors gets better on repeat viewings), with good chemistry generated between Stone and Garfield, the effects work is (obviously) better ten years on; something which gives us a better-more acrobatic-moving Spider-Man, while the whole make-up of Parker as a geek who becomes cocky, even arrogant, really adds a kick to the first half of the movie's coming-of-age narrative bent. It's also good that with a running time of over two hours the makers have the time to expand Peter as a character, making the audience wait with expectation of his life changing date with the spider. As for the villain, it's true enough to say that The Lizard is hardly an inspiring choice, but it does fit in with the whole origin story plan that Webb and his team want to tell. Though it should be noted that those seeking wall to wall fights between Spidey and The Liz are going to go a little hungry. 

It's big on human story and not the lazy cash in movie it could have been, and undeniably it's fun, but the holes, dangling threads and logic leaps stop it breaking out to achieve its intentions. Looking forward to the sequel, mind 7/10",2019-06-25,2558
1930,The Amazing Spider-Man,2012-06-23,Spider-Man,624216a99451e700498326e0,"I enjoyed this. One of the great advantages of the whole ""Spiderman"" concept is that it can be reinvented time and time again without really compromising the original character - a decent but lonely young man trying to make his way in the world and to get his girl. Like Tobey Maguire before him, the casting of the largely unknown Andrew Garfield works well - it allows a whole new generation of fans to follow their hero. The fact that he is cute in tights doesn't do him any harm either. Emma Stone is quite good, too, as the object of his affections ""Mary Jane"" and the whole look of the film is sophisticated and colourful. The story is very derivative, however - and that is the problem with this film. Though there is plenty of action, it becomes a little repetitive and uninspired. The CGI will always look good, and will increasingly do most of the work with these kind of films - indeed, just about everything in the Marvel Universe is 90% style over substance; but so long as they can still recruit enthusiastic actors to play the roles than the franchise might still have legs (though hopefully not eight) for the future. Martin Sheen and Sally Field add a little gravitas to the proceedings - the former has one of these wonderful Churchillian style voices that just goes on resonating, and Rhys Ifans makes for an OK mad scientist. As a stand alone adventure this works fine. Maybe a bit too long, but a cinema experience to be relished - then, maybe, just put away again for seven years.",2022-03-28,3565
102382,The Amazing Spider-Man 2,2014-04-16,Spider-Man,540381aac3a368437200537e,"The second movie in the new Spider-man movie series that directed by Marc Webb. I doubt his potential after seeing this movie. I feel someone should take his position before it become too late. In the history of the Spider-man movies, from all the 6 this one is the worst. Commercially it has done a great business that grabbed around $800 million all over the world, but failed to deliver another quality movie for the fans. The movie engaged with the too much character and subplots. The subplots were not placed in the right spots, kind of random appearance brings the chaos in understanding the story. I had a high hope on this movie and it did not supply well. Frankly, I kind of lost interest in Spider-man. Maybe because it was too soon to reboot, I guess.

> **‘‘You want to be the hero.
> And now you gotta pay the price.’’**

The first movie gave a decent re-start for the refreshed Spider-man movie series. And what happened here in this second installment was a disaster. The first thing is it was nearly a 2 and half an hour movie that brought me lightly a headache to carry on thus far. Actually, it was 10 minutes shorter than what it is now, but in the end they have developed a bit longer to show the opening scene of the third movie. When a movie got a powerful hero, it should have equally matched antagonist. If they are matched, then the fight between them are the next thing to bring the best out of it. I think the Electro man did not click as they have expected, at least not to me. The strength he had was something beyond spider-man, but did not unleash him in a perfect manner. Though Jamie Foxx was not bad in that avatar, the filmmakers kind of wasted his presence for not so good scenes.

Remember the original Spider-man was the modern superhero movies, I mean it was done using computer graphics. Afterwards 'Batman', 'Iron Man', 'Thor' and all were followed. I like the version with Tobey Maguire in it, though my rating declined by movie after another in the trilogy. This reboot series had a good opening, but failed to get the momentum going. Especially all the emotions were looked fakes that do not appeal like the original movie series did. Yes, it had a wonderful box office and that does not mean the movie is good, either worst. But expected a little better, especially in the negative characters. Andrew Garfield was good, not awesome, because most of his masked parts were CGI. Emma stone was another let down and could not help comparing her with Kristen Dunst, because she was no way near, at all. The Dane DeHaan role had the same issue and I don't know why people did not get better space in the movie that ran 140 minutes long. Like I said subplot spoiled everything I think. The digital 3D and stunts were poor. Yeah, there are many things to complain about it than to praise, but all the answer should come in the next sequel. If that makes bigger, not commercially, I mean with a good story, graphics and performances then there will be no problem. But if it fails, I had to say 'bring back the fourth installment of the original movie series'. Definitely not worth a watch, but anyway most of the guys going to watch it or already watched it.",2014-08-31,137
102382,The Amazing Spider-Man 2,2014-04-16,Spider-Man,540d61cfc3a36879a800514a,"It seems that Spider Man is doomed to receive mediocre to abysmal implementations on the big screen. Well, at least in my opinion. The Amazing Spider Man 2 currently have a rating of 7.1 which quite surprises me. This was not the worst Spider Man movie. The 2nd instalment, Spider-Man 2, in the first series with Tobey Maquire still holds that title firmly.

There are some nice special effect fireworks going on and there are some funny parts when Peter Parker puts on the mask and goes to action but apart from that I found the movie uninspired, with a mediocre plot and sometimes downright boring. The plot is perhaps suitable for a comics magazine with its standard set of unlikely events, backstabbing big-corporate employees and disgruntled scientists becoming super villains but on the big-screen one would expect a wee bit more effort going into the plot.

The main villain, Electro, was … well not really giving much of an impression. He never lifted above the pretty silly scientist letting everyone walk all over him and doing really, really stupid things like trying to put two high voltage cables together without turning off the power. Sure he tried to give a menacing appearance towards the end but to me he never really managed to elevate himself to a real super-villain. I almost got the impression that the director actually realized that Electra was not good enough and so decided to come up with some convoluted scheme to throw in The Green Goblin at the end. None of these villains are really bad, just mediocre.

Then of course there is the obligatory Peter Parker wallowing in self-pity that every director seems to just have to put in these movies. It is not funny and downright boring. And for the ending cliffhanger they throw in the Rhino…as some jerk in a monster mechanical suit :-( . What the f…? The Rhino is supposed to have a polymer bonded to his skin and augmented strength and speed. Not be running around in some silly mechanical Rhino toy!

The entertainment factor of this movie comes almost entirely from the SFX action and a few select scenes. Otherwise the movie was fairly (yawn) mediocre as far as I am concerned. Having said that, being the sci-fi and super-hero fan that I am, I will probably buy the next instalment anyway if one comes out.",2014-09-08,145
102382,The Amazing Spider-Man 2,2014-04-16,Spider-Man,5419441fc3a3686daf000c93,"The story is predictable and with zero neurons on it but Garfield and Stone connection is good and the comedy moments sort of enjoyable.

Probably you could remove the super-hero mess and you would  had a much better romantic comedy.",2014-09-17,154
102382,The Amazing Spider-Man 2,2014-04-16,Spider-Man,560456a5c3a368552b005d80,"Spider-Man stuffed once again.

Marc Webb returns to direct what Sony had hoped was the second instalment of a longer running reboot of the Spider-Man franchise. Writing this now, I'm armed with the knowledge that once again the web slinger will get another reboot in 2017, which after viewing this sequel comes as no surprise.

It's not so much that it's a bad film, or a bad Spider-Man film at that, it's just that it feels all very familiar, whilst simultaneously hugging the same pitfalls as Sam Raimi's Spiderman 3. Webb tries to juggle a screenplay with 3 villains (well two and a half really), a tricky romance between Peter Parker (Andrew Garfield) and Gwen Stacy (Emma Stone), and of course there's school, a best friend and affairs of the home heart to deal with.

The introduction of Electro (Jamie Foxx) is a good move, inputting a new villain into the spidey world is most welcome. Yet in spite of Foxx earning some level of sympathy with the characterisation, it never really works and unfortunately draws comparisons with a certain Mr. Freeze from another franchise. Dane DeHaan comes in as Harry Osborn, soon to be Green Goblin, again the tortured soul act is well performed, but come Goblin time the make up and effects work is laughable. While Paul Giamati as Aleksei Sytsevich - cum - Rhino, is having fun but is barely in the picture.

Stone is the best thing in it by far, while Garfield works hard, but there is no getting away from the fact that they both are - and look - too old for their parts. The action is fun and pulse raising, but there's not enough of it to sustain a running time of 2 hours and 20 minutes. Though on the plus side Webb and his team are to be applauded for choosing a story line that is ultimately bold and contains a great emotional whack. All told it's a shaky entry to the spidey world, one that once again forced Sony into another rethink. Lets hope the next journey spidey goes on has some clarity and streamlined sense. 6/10",2015-09-24,526
102382,The Amazing Spider-Man 2,2014-04-16,Spider-Man,5dc399a48d22fc00183d27ff,Had high hopes for this one because of the first film. Was not disappointed!,2019-11-07,2031
102382,The Amazing Spider-Man 2,2014-04-16,Spider-Man,6298d0af99259c00a8110f95,"I think maybe some of the lustre from Andrew Garfield's first outing as ""Spider-Man"" had already worn off for this really rather mediocre sequel. This time he has to don his red and blue lycra and save the city - and ""Gwen"" (Emma Stone) - from the marauding ""Green Goblin"". There is quite a degree of on-screen chemistry between Garfield and Stone, and as an action-romance, this is at the more entertaining end of the scale. It's the plot and the tech elements that let it down. The visual effects upon which it relies so heavily are really nothing special. Nor, it has to be said, are the baddies. The ""Green Goblin"" just isn't menacing enough. That might be, perhaps, because Dane DeHaan is one of those actors (a bit like Michael Pitt) whom I never really understood why he made it at all. The make up artists do work wonders in demonstrating his decline into moral turpitude, but as an actor he is just, well, insipid as the poor, misguided and bitter ""Harry Osborne"". Jamie Foxx has a bit more fun as the sparky ""Electro"", though that character is largely undeveloped and Sally Field can be relied upon to add a little maternal instinct as ""Aunt May"", but somehow the whole thing is just one beat off. The first film had a much stronger story and a cast that were still bedding down; this reverses that with much more assured performances from the two at the top of the bill, but with a much less meaty story to back them up. I did like Andrew Garfield in this role - he has charisma as an actor, but this is all just a bit flat and though impressive to watch on a big screen with big sound, is not a film that will make anyone's top ten - even Marc Webb's, I think.",2022-06-02,2969
315635,Spider-Man: Homecoming,2017-07-05,Spider-Man,596343df9251410b860f177c,"There's now officially (not at all officially, more like just-my-opinion-ally) twice as many good Spider-Man movies as there is bad ones. But _Homecoming_ is my favourite of the bunch. 2017 has been a great year for  the Superhero genre, and _Spider-Man: Homecoming_ does nothing to buck that trend. It's got everything a Spider-Man movie should have: Heart, humour, action, spectacle, a grounded school life, coming-of-age themes, and all this while firmly rooting itself in the Marvel Cinematic Universe -- without relying on the framework of the past to hold it up. _Spider-Man: Homecoming_ is spectacular, and it stands up both on its own, and as a part of the larger universe.

_Final rating:★★★½ - I really liked it. Would strongly recommend you give it your time._",2017-07-10,5
315635,Spider-Man: Homecoming,2017-07-05,Spider-Man,5a2f2fad925141032c16f0e7,"Disappointing return for the webslinger. After the dramatic introduction in Civil War this film feels like an excercise in keeping the coffers full.
Unlike the Toby Maguire films this incarnation feels flat. It never manages to really put our superhero in any real peril...it just goes through the motions and ticks boxes. Granted it is mostly enjoyable, but did we need it??
No.

The suit and inclusion of Iron Man takes away from what is great about Spiderman. The fact he has to juggle school, work, realationships is what kept him grounded...
He does not need Iron Man's suit or him flying in to save the day!!

Also, why does he not have a spidey-sense?!? He gets nailed left, right and centre!

*  To conclude; disappointing, Yes, as Spiderman just became another member of Tony's team...when he should stand alone.",2017-12-12,160
315635,Spider-Man: Homecoming,2017-07-05,Spider-Man,5a427fdf0e0a2620e9056c3d,"I guess I should not be too surprised given the Spider Man character we saw in the latest Captain America but I have to say that I was, well, hoping for something else, as in something better.

If the producer/writer intended to make a Spider Man movie for kids, and I mean kids, not young adults but kids, then this movie is hitting the spot. It is an excellent action/adventure movie for kids. Unfortunately I am not really in that viewer segment and for me this movie was pretty bad.

The movie is childish. There is no other way to describe it. My memory of spider man is a quite serious young man with a sharp and witty tongue. Not the fumbling and childish Spider Man in this movie. His best friend may be a good computer geek but otherwise he is dumb as a door nail and just tiring to watch. His, supposedly adult handler is a screw up who, surprise surprise, is hanging up the phone because he cannot be bothered to listen to kids.

The FX may be good as FX goes visually but it was also the typical, nonsensical Hollywood rubbish like boats that stays afloat forever despite being split in half etc. etc. The talking Spider Man suit appears to be programmed by the same guy who wrote the childish script.

The main bad guy pretty much has zero charisma and is nothing but a simple thief. Same goes for his buddies.

The SJW crap spread out here and there in the movie, especially in the Washington Monument scenes, was unwanted and just pissed me off.

I am afraid that this movie missed its mark for me by a wide margin. I do not understand why it seems to be so bloody difficult for Hollywood to make a good Spider Man movie. I like Spider Man, the comics character that is, so I find the slew of substandard movies really disappointing.

The only reason it doesn't get less than two out of three stars from me is because, as a kids movie, it is not at all bad (except for the SJW crap). It wasn't what I was looking for though.",2017-12-26,174
315635,Spider-Man: Homecoming,2017-07-05,Spider-Man,5a770dcfc3a36859ec04ad39,"**Young & hungry to fight crimes!**

No doubt, Tobey Maguire Spider-man is the best. It was also the first modern superhero of the millennium. The visual effects and entertainment wise, the second live-action Spider-man was good too, but this one is so different. This is about a teenage superhero. Just a kid. Having possessed such superpower, how he manages it alongside his normal life was nicely told.

This story begins straight away, because the introduction was done in the previous Marvel film, which are part of Avengers universe. Peter Parker assisted by Tony Stark, is very keen to fight small crimes compared to what Avengers fighting for. He feels, he's held back by Iron Man, so he wanted to make independent decisions. At one stage he succeeds in that, but things get more severe. Fighting bad guys, and the other side of his life, a romance, how the remaining story turns out are revealed with a twist.

Tom Holland was good. The story was simple, more like one liner. But the visuals and each scene forged nicely. Having seen all the five previous Spider-man films, this was quite predictable. Particularly the characters and their connections. Seeing how it had ended, it is possible that the daughter of the villain could take-over her father's place. That would be very interesting, because of the linkage between the film characters.

After seeing the first look, I was afraid that this young Spider-man might be overshadowed by Iron Man, but those parts really well done. Comparing it with the 15 years ago Spider-man, the technology has been the biggest change. That's why I still love Tobey Maguire film. Very simple and down to the earth without cell phones, computers. But the current superhero films are all alien oriented/connected theme, and of course digital technology a big leap. Hoping the next film too would impress us with the same intensity. So lets wait for summer 2019.

_7/10_",2018-02-04,214
315635,Spider-Man: Homecoming,2017-07-05,Spider-Man,5b1d62b59251416614000cb5,"After the failure that was 'The Amazing Spider-man 2' Sony made a drastic decision in lending the character back to Marvel, and did it pay off? Absolutely!

Unlike the Sam Raimi trilogy where Toby Maguire was a better Peter Parker than Spider-man and the Mark Webb duology where Andrew Garfield was a better Spider-man than a Peter, Tom Holland encapsulates both characters perfectly.
Of course there were a negatives, especially in the second act which drops off a bit but the movies does such a wonderful job of recapturing our attention that you just can't help but forgive the movie for it!",2018-06-10,340
315635,Spider-Man: Homecoming,2017-07-05,Spider-Man,5b51217b92514112ae005fe6,AMAZING!!,2018-07-19,379
315635,Spider-Man: Homecoming,2017-07-05,Spider-Man,5c8425a80e0a264301635857,"Spider-Man: Homecoming can't even hold a candle next to Sam Raimi's first two Spider-Man films, not to mention Spider-Man: Into the Spiderverse. Homecoming is simply Marvel's integration of Spider-Man into the MCU. It works on that level. Tom Holland is a good Peter Parker; finally an actor that looks like a high school student! Marisa Tomei does a really cool, sexy Aunt May, which I never thought I'd ever see. Michael Keaton is excellent as Vulture, one of the more interesting villains in the MCU.

The relationship between Tony Stark and Peter Parker is good but should have been better. It's clear that they half-assed the development of these two characters. The high-tech Spidey suit is neat but gives off the sense that the movie is trying to be too much like Iron Man.",2019-03-09,612
315635,Spider-Man: Homecoming,2017-07-05,Spider-Man,5ca97838c3a3683f5260a0c8,"I personally thought all hope was lost, there's no way ANOTHER Spider-Man reboot could be successful. Yet this movie is colourful, fun, and fitting movie for the MCU",2019-04-07,641
315635,Spider-Man: Homecoming,2017-07-05,Spider-Man,600a0e62cf9ba3003f834452,"A lot of fun!

<em>'Spider-Man: Homecoming'</em> is entertaining, as I had expected in truth. The plot is possibly not as great as it could've been, but it is still one that is enjoyable to see. The effects are excellent, as is the humour.

Tom Holland is the star of this though. He kills it as the titular character, he adds a tremendous amount to the film. Michael Keaton plays his role well enough, while it's cool to see <em>'Iron Man'</em> duo Robert Downey Jr. and Jon Favreau involved.

Jacob Batalon is good, while it's noteworthy to have Zendaya and Donald Glover appear; even if they are underused/unimportant, at least for now for the former, I assume. I found the whole cast enjoyable, to be fair.

This narrowly misses the next rating up from me, but I still had a very pleasant time watching - and await the follow-up with much eagerness!",2021-01-21,1296
315635,Spider-Man: Homecoming,2017-07-05,Spider-Man,62404e0c81a7fc00472d0e06,"Once again, Marvel have succeeded in reinventing this franchise - and again, they have alighted on a Brit. Tom Holland is a super choice as our hero - he has oodles of on-screen charisma; he genuinely looks like he can't believe he is there half the time, and that all helps to make for an enjoyable fantasy adventure film. This time, he has to learn to master his spidey-senses (with a bit of help from ""Tony Stark"" (Robert Downey Jnr.) and the very rarely ""Happy Hogan"" (John Favreau)) before Michael Keaton - equipped with wings and a seriously powerful ray gun destroys all in his path. The performances are top drawer; the script is quickly paced with plenty of action, determination, humour and the slightest hint of menace, and the cleverly designed effects blend seamlessly into the action creating a thoroughly entertaining film. It is a bit too long, to be honest - but the casting is good, the direction tight and the whole thing a good family watch with a little bit for everyone.",2022-03-27,1726
315635,Spider-Man: Homecoming,2017-07-05,Spider-Man,63c21abda5743d00b0bfad53,"I won't complain about the continuity error within the MCU...because no one really cares least of all myself.

Well, how do we do this. I mean, it is refreshing that Garfield is gone and with him the Spider-Bully. For Marvel comics fans, it really hurt watching Garfield bully and taunt his victims.

Now we have a Spidey that is, well, nice. Holland is able to be funny and wise-cracking without seeming like a, well, a Flash Thompson. With that it beings us back to the source material.

In other words Holland puts the ""friendly"" back in ""your friendly neighborhood Spider-Man."" And I think the MCU was well aware of this, given the time they took to make sure everyone knew Holland was going to be the hero that everyone loves.

And then Keaton does a great vulture from his origin to his demise he seemed to do everything he could to really become the character.

My only complaints were the supporting cast. Aunt May I can accept with a moderate grudge because she is a great actress...

But Tony Revolori doesn't seem....built enough to be Flash. He's more the bully of the Millennial generation that uses words and little more and...when it comes down to it, even those are vapid.

What's that old adage, ""sticks and stones will break my bones but words will never harm me."" Millennials I guess have never heard that.

Flash is supposed to be that big bully jock that hits his prime in high school and, a decade later, delivers the pizza when you go home to visit your folks...this Flash has a future.

And the MJ tease at the end...it went a little too far away from the character in looks and personality to sit well.

Still, on the whole the movie is a breath of fresh air in its distance from Garfield's rendition and at times, Holland was even able to pull off almost a James Bond quality while still portraying a kid over his head.

Like all MCU movies, however, the pay off is the humor.",2023-01-14,2019
429617,Spider-Man: Far From Home,2019-06-28,Spider-Man,5d16ef595b4fed001e4684c9,"The whole film is a relentless flurry of action and adventure from the get-go, with the man himself sporting no less than four different spider suits (for all the mega fans out there). Maria Hill (Cobie Smulders) gets a look-in once again after her very disappointing absence from 99.99% of ‘Endgame’, but she’s wasted on screen, serving little to no purpose. And while this film finally gives us a Peter/MJ love story, it’s all too familiar territory - not because of the characters involved but because we saw Peter pursue a crush in ‘Homecoming’. We also saw him try to balance the student/hero sides of his life then too. This is THIS Peter Parker’s fifth time on the rollercoaster. We’ve seen him and fell in love with him as the sweet, innocent kid who had greatness thrust upon him and his thirst to be a superhero. He had his shot in the ring - several times in fact - and now we need to see him grow, but they’ve just given us much of the same. We need to know where this is going, not just watch a kid play dress-ups time and time again.
- Jess Fenton

Read Jess' full article...
https://www.maketheswitch.com.au/article/review-spider-man-far-from-home-in-a-post-iron-man-world-spideys-still-the-same-insecure-kid",2019-06-29,1
429617,Spider-Man: Far From Home,2019-06-28,Spider-Man,5d1b48a70cd32a1960f777c1,Amazing movie!!,2019-07-02,4
429617,Spider-Man: Far From Home,2019-06-28,Spider-Man,5d23564b15c6364753f412f7,"Rewatched for the Once Upon a Franchise podcast. Listen to the full episode here: https://open.spotify.com/episode/2i1JSrpI0r6or1IpqocOBR?si=4gDf3zm9QGazNsmjrGzM7Q

Rating: B-

SPIDER-MAN: FAR FROM HOME is a film I still like, but damn, does it go down on a rewatch. Jake Gyllenhaal's commitment to Mysterio and those two major illusion set pieces remain genuinely some of the best CGI action Spider-Man has ever gotten on screen, and the fake-news messaging underneath it all still feels sharp and uncomfortably relevant. But this viewing made clear just how much the film leans on momentum and charm to paper over a villain plan that collapses under scrutiny, a structure that hops between cities with almost no logistical grace, and a Tony Stark / Iron Man legacy throughline that, for the first time, actually makes me sympathize with the ""Iron Boy Jr."" crowd I usually roll my eyes at. Layer on the fact that NO WAY HOME and BRAND NEW DAY now exist and have shown me what this saga is capable of at its absolute best, and this second installment can't help but feel like the transitional, slightly overstuffed middle chapter it always was — fun, well-performed, occasionally brilliant, but the first Spider-Man MCU entry where the seams really show for me.",2019-07-08,10
429617,Spider-Man: Far From Home,2019-06-28,Spider-Man,5d277e4dbe4b3612f69e17c9,"Problems: I thought the Gyllenhaal character was corny, Spidey taking selfies too out of character for a selfless hero, and the Fury twist throughout the movie really unnecessary. 

What I liked: Tom Holland continues to be a charming actor.",2019-07-11,13
429617,Spider-Man: Far From Home,2019-06-28,Spider-Man,5d2ec9b227d9cc00127d01f6,"There's a some things in _Spider-Man: Far From Home_ that I personally didn't love. But I got **exactly** what I wanted from Mysterio, and that was so important to me. It's pretty amazing that the MCU is twenty three films deep, and they're still bringing out this sort of quality. I know this series is not for everyone. But until they start making movies I don't like, I'm gonna keep showing up.

_Final rating:★★★½ - I really liked it. Would strongly recommend you give it your time._",2019-07-17,19
429617,Spider-Man: Far From Home,2019-06-28,Spider-Man,5d347e55caab6d1640ad1fdd,"I just came home with the kids from the cinema where we had watched Spider-Man: Far From Home so I thought I would write a few lines while it was still fresh in my mind.

I have to say that it was a decent enough movie. I didn’t exactly regret having forked out the money to watch it in the cinema but that’s about it. It’s far from a great movie and the end scene…well it’s a typical really crappy Hollywood ending where the writer cannot be bothered to spend time creating something intelligent so he just goes for the usual sensationalist cliffhanger bullshit.

As with the previous movie, Spider-Man: Homecoming, this is a Spider-Man for kids, or at least younger people, movie which perhaps is part of why I am somewhat lukewarm towards it. This one did not feel as childish as the previous one but there is still a lot of teenage angst and rubbish in it. The plot is of course highly predictable as well.

The special effects on the other hand are quite good and essentially what makes the movie worth watching. At least to me. The end fight with hundreds of those drones flying around intermixed with Mysterio’s illusions where quite cool. A bit over the top perhaps but cool nonetheless.",2019-07-21,23
429617,Spider-Man: Far From Home,2019-06-28,Spider-Man,5d6701cd2790bf06ea3242c5,"I liked it okay, I guess. Tom Holland was good and shared good chemistry with Zendaya and some of the action was okay, but the so-called plot was rather weak and how it forced into the Iron Man movies fell flat, as did Gyllenhaal post-turn including an awkwardly written exposition scene. Definitely not as good as Homecoming and really reminded me why Marvel proper (mostly) is better at this than Sony-Marvel.",2019-08-28,61
429617,Spider-Man: Far From Home,2019-06-28,Spider-Man,5d86919022f5d7000fa8e6cd,Great film!,2019-09-21,85
429617,Spider-Man: Far From Home,2019-06-28,Spider-Man,5dde66bb88bbe60014190298,"Great family movie. Has enough comedy, action, and drama to keep you entertained. Love how the villain played on poor old Spideys naiveness. Underwhelming ending though.",2019-11-27,152
429617,Spider-Man: Far From Home,2019-06-28,Spider-Man,5f1fe86bb4a543003532c9a9,"Spider-Man: Far From Home is the first of a new chapter in the MCU.
Sad though, because it's all the first one with the late Stan Lee.

Still, this was not a bad film. And I am glad they showed that twist where Mysterio was the real bad guy (a nod to the mainstream comics) - I would not have enjoyed the film if they had altered the background of the character.
And that mid-credit scene - I can't wait for the third film! Maybe they'll finally introduce the Sinister Six, and maybe Matt Murdcock/Daredevil.",2020-07-28,396
429617,Spider-Man: Far From Home,2019-06-28,Spider-Man,600f445add83fa003d978d61,"A good end to Phase Three of the Marvel Cinematic Universe.

In short, I like <em>'Spider-Man: Far from Home'</em>. I do think it's someway off its predecessor, but I still had a suitably fun time watching this. Tom Holland remains top notch in the main role, with Jake Gyllenhaal, Samuel L. Jackson and Zendaya supporting strongly.

The story is a solid one, I like the concept of it; especially with Gyllenhaal's character. Some of the special effects do look a little questionable, but only in relation to how great the effects usually are in the MCU. Compared to an 'average' film, they still look good.

By sheer process of the elimination, it probably is one of my least favourite films from this universe. That's not a negative though, as I very much like it and keenly await the currently unnamed sequel.",2021-01-25,577
429617,Spider-Man: Far From Home,2019-06-28,Spider-Man,602b72a7ab5e34003ea01680,"My favourite Movie.movie villain,costume was great.
Great and Amazing Movie.Must Watch.",2021-02-16,599
429617,Spider-Man: Far From Home,2019-06-28,Spider-Man,602dd656d4b9d90040d39e02,The Best Spider-Man Movie of All time.,2021-02-18,601
429617,Spider-Man: Far From Home,2019-06-28,Spider-Man,60b5e7d8abf8e2006fae9fb9,This movie is great. It is better than **Spider-Man: Homecoming** and must watch.,2021-06-01,704
429617,Spider-Man: Far From Home,2019-06-28,Spider-Man,63bf7bc48efe730094889411,"I'll be honest upfront and say that I am still not a fan of MJ. She is supposed to be a redhead, she is supposed to be a sexpot, and she is supposed to both know she's hot and have no issues telling other people that. She's supposed to be well out of Parker's league. This is a bit too far from the source material for me.

And the same goes with Flash. He's really supposed to be that guy that burns out the moment he graduates from high school. All muscle and no brain. And this Flash has a future. He's not going to deliver your pizza when you go visit your parents.

But, beyond that, it's still a fun movie, but one that didn't have as many laughs as the first outing. Although Holland still delivers, this has a more somber and serious tone and, really, Jake Gyllenhaal is not at all as good of a villain as Michael Keaton was. He's kind of irritating to watch and, really he always has been.

The plot twist, if took my wife by surprise, but honestly it was something that absolutely everyone familiar with the source material could see coming from the trailers. It didn't come as a surprise for those of us that read the comic books.

Still, it was fun and sentimental and paid a respect to the Avengers that I suspect certain movies in the franchise will not. That being said it's not going to have the laughs of Homecoming, it couldn't and still feel appropriate.",2023-01-12,1294
429617,Spider-Man: Far From Home,2019-06-28,Spider-Man,66573e2086cc2b72df1cf2df,"The ""Spider-man"" franchise seems to be the one that is bucking the recent, repetitive, trend with the films actually getting better each time. The dynamic between Tom Holland's webbed-wonder and Jake Gyllenhaal's ""Peck"" in this is great and now that we don't have to pretend we don't know the identity pf ""Spidey"", we can develop the character much more fully so the relationship with MJ (Marisa Tomei) is also taking better shape too. It's fast-moving, entertaining and the plot is fun. For a change, the CGI is complementary to the production rather than the sole reason for it. Good stuff, this, more please!",2024-05-29,1797
634649,Spider-Man: No Way Home,2021-12-15,Spider-Man,61ba0b24d1444300413e2cbe,"Life for Peter Parker (Tom Holland) is complicated thanks to his dual life as Spider-Man and the challenges of being in High School. Unfortunately for him; his best intentions are about to make things much worse in “Spider-Man: No Way Home”.

Taking place where “Spider-Man: Far From Home” ended; Peter must deal with his secret identity being leaked by Tabloid Journalist J. Jonah Jameson (J.K. Simmons); and the throngs of people, helicopters, and protestors who follow his every move and camp outside his home.

As if this was not bad enough; being accused of being a murderer has drawn the attention of the authorities which further complicates his life as does returning to a school where everyone knows his identity.

Desperate to get away from the constant scrutiny and observation; Peter seeks out Doctor Strange (Benedict Cumberbatch), and asks him to cast a spell that would make the world forget that Peter Parker is Spider-Man.

Strange agrees but mid-spell Peter requests that there are some exemptions from the spell which include his Girlfriend MJ (Zendaya); his Aunt May (Marisa Tomei); and his friend Ned (Jacob Batalon).

Strange agrees but in doing so; complications arise which allows entrants from other dimensions to enter their realm. Soon Peter is accosted by villains whom he does not know but seem to know him; that is until he is unmasked and they have no idea who this Peter Parker is before them.

As more villains arrive; Peter learns of their fates in their natural dimension and is determined to save them and give them a second chance which puts him at odds with Doctor Strange who says they must go back to whatever fate they had.

What follows is a descent into humor and darkness as Peter despite his best intentions sees the situation go from bad to worse and he must fight to stay true to himself and save the day.

The film is a difficult one to review in the fact that there are so many surprise guests, twists, and turns that it is challenging to not reveal anything but suffice it to say that fans should absolutely enjoy it.

The film takes its time getting to the action as it has a very slow and deliberate climb and Director Jon Watts is confident enough in the characters and premise that he allows ample time for the characters and setting to build and be established before he gets to the action.

While there is considerable fan service in the film; it never once seems like it is pandering and it all fits very well within the story and the MCU and opens up numerous possibilities for the future.

There is a mid-credit scene and a post-credit scene which is basically a trailer and both are very engaging in terms of the possibilities as Marvel has again shown that their plan of interwoven stories and characters continues to deliver and that Spider-Man still remains as popular and engaging as ever.

4 stars out of 5",2021-12-15,0
634649,Spider-Man: No Way Home,2021-12-15,Spider-Man,61ba6b391c6329006961d6e3,"FULL SPOILER-FREE REVIEW @ https://www.msbreviews.com/movie-reviews/spider-man-no-way-home-spoiler-free-review

""Spider-Man: No Way Home is one of the darkest, saddest, emotionally draining entries in the MCU, surpassing all of my expectations.

Despite a messy, convoluted first half with some pacing issues and occasionally frustrating, poorly placed humor, Jon Watts, Chris McKenna, and Erik Sommers more than compensate these minor issues with some of the best (and brutally violent) Spider-Man action ever witnessed on screen.

In addition to this, the surprisingly coherent narrative packs shocking developments and actually offers enough screentime for the villains to significantly impact Peter Parker's arc. Unbelievably outstanding performances from everyone involved, especially Tom Holland, Zendaya, and Willem Dafoe.

A heartfelt, nostalgic homage to the Spider-Man legacy that fans will rewatch countless times, laughing and crying along for many more years to come.

A memorable, passionate, once-in-a-lifetime cinematic experience.""

Rating: A",2021-12-15,0
634649,Spider-Man: No Way Home,2021-12-15,Spider-Man,61bbe57fd2f5b5006119efff,"**"" THIS IS POP-ENTERTAINMENT; AT ITS FUNNEST,
WILDEST, WHACKIEST, _MOST_ CREATIVE, ""SUBLIME-EST""... _B E S T_  💜 😉 😃 ""**

A **-{ _B I G_ }-** Screen **_MINI_** Review ; Film Seen all of FOUR times( soon to be 🖐 ); as of Dec.15, '2021. 

______________________________________________________ 

Tom Holland's Peter: { to MJ }: ""What's that thing you always say? ...expect disappointment..."" 

MJ: ""No, no, no... NO ...we're gonna Kick Some Ass !"" 

Tom Holland's Peter: ""O.k !"" 

Toby Maguire's Peter: -{ ""Cure. Cure Some Ass"" }- . 

**Ned Leeds: CURE THAT ASS !!!**
                                       
______________________________________________________ 

**Somewhere, ""In An Alternate Universe"",** Spider-Man: No Way Home { to be hitherto referred to as NWH }, is already -Well- on the way to winning the ""Best Motion Picture Of The Year"" Award. { Here on Earth 🌎, incidentally, the Oscar Awards are, ( as things stand as of -_Now_- ), slated to be held on March 27, 2022 }. And -Speaking- of which, in our -{ OWN }- breathtakingly ravishing universe unfortunately, that particular proposition is likely to be a **-FAR CRY-** at best ; given the Academy's characteristic, and seemingly perpetual ""Stiff Upper Lip"" type of attitude towards the 'Superhero-Supervillain' genre, in general. However ; with 'Black Panther' ( 2018 ) and 'Joker' ( 2019 ) having -BOTH- been nominated for ""That... -{ Most }- Coveted Cinematic Prize ...Of All "", the Best Picture Oscar ; I believe that things are, thankfully 🙏, albeit -{ Slowly }-, **changing for the better.**

Yeah, so I'm er, ""Officially"" dubbing this ""An Easter ( - E g g - ) Movie Released At Christmas"", because it -well and truly- does reveal itself as **""The Movie Of A 1,000 Beautiful Surprises"" . . . .** and so much, much, much, more. { And as I recently changed my review classification from 'Spoiler-free' to 'Spoiler', there is of course, a glaring ""Little"" reference to ( one ) of the two -most- THRILLING surprises of the picture ( by far ) }. In a nutshell, at this point, I suppose that it would be, well... -{ Suffice for me to say }- ...that NWH ""far, far, far, far"", surpassed my Hopes for said Theatrical 'Gargantuar' . . . . and ""then some"". It has -{ already }- SMASHED ""all manner of records"" the world over, & is currently the **6th Biggest Box-Office Earner ( E v e r ) ;** -quite possibly- soon to be Number 5 ( 💣 💥❗) ; after barrelling thru to overtake yet -Another- 'Veritable Marvel Collosus', 'Avengers: Infinity War' ( 2018 ).

Right, and -these- were my three biggest takeaways: 1. The ""Raw, -{ Unbridled }- Talent"" of NWH's three ( principal ) youngsters, Tom, Zendaya & Jacob . . . & boy, can the young thespian Mr. Thomas Stanley Holland, ( still barely all of '25 and two-thirds' ), **Really, Really ACT 👏❗** 2. How brilliantly -{ ALL }- the 'Multitudinous Trappings Of Contemporary Fame', ( whether that fame be positive -Or- adverse ), were depicted at the onset of NWH. 3. The totally ""Astonishing"" standard of -{ All }- of The Special Effects ( both computer generated -as well- as ""Live"" ), & indeed . . . just the { "" A l l - A r o u n d "" } level of  cinematic accomplishment  by Jon Watts, Daren Gilford, & Mauro Fiore, ( Director, Production Designer, Cinematographer ), & the -{ Entirety }- of the picture's **CREW & CAST,** frankly ....in achieving this thru the -{ Heights }- of a global pandemic.... **K u d o s 🌠❗**

**Summation:** Just before I go, I feel like I -{ Must }- say this. ""If, ( -like yours truly- ), you've been a Loyal, Loving Adorer of the web-slinger for ( pretty much ) your -Entire- life . . . bring TWICE the amount of tissues ; 1 half for the ( -Several- ) Ribtickling 'Funnies' in NWH, & the other half for the **richly soulful & -{ FABULOUSLY HUMAN }- emotional scenes** that you are unquestionably going to encounter.  Also, -Do- try & stay till the -Very- end of the movie, for not just 1, but in fact, -2- great teaser scenes . . . as you'll be -certain- to glean a few -exciting- insights into the near future of the MCU ( Marvel Cinematic Universe ). And here, without further ado, is my final appraisal of Spider-Man: No Way Home, Marvel's truly ""fresh"", and -{ Uplifting }- New Multiplex-Marvel. **"" 25 Spider Bitten, -{ Viscerally }- Wowed,  And Indeed, "" UTTERLY SMITTEN "" Marks Out Of 10 . . . 😃 💥❗ ""**",2021-12-17,2
634649,Spider-Man: No Way Home,2021-12-15,Spider-Man,61be4ad9c7176d0060507dc9,"_Spider-Man: No Way Home_ isn’t without its flaws, but it is mostly exactly what it’s advertised to be. The film doesn’t necessarily redefine the, “With great power comes great responsibility,” aspect for Tom Holland’s Spider-Man, but it without a doubt gives the MCU version of Spider-Man his version of that principle.

_No Way Home_ is a nostalgic extravaganza that exceeds expectations and is a perfect and satisfying bookend for the first three Tom Holland _Spider-Man_ movies.

**Full review**: https://boundingintocomics.com/2021/12/18/spider-man-no-way-home-riding-the-nostalgia-train/",2021-12-18,3
634649,Spider-Man: No Way Home,2021-12-15,Spider-Man,61bee9b9d371970066b9cf85,"Long awaited and very conspiricized, **'Spider-man:No way Home'** Lives up and surpasses hype, The introduction of charcters once thought cordened off into the MCU, came both as a shock and as an eventual certainty. The Pleathora of indephth easter eggs creates awonderful viewing for the spider-man fan but alienates the casual none MCU fanatic viewers. The plot is dense not in fault but in advantage, it crams in expectation with suitable comedy and light heartedness. The director created a a comprehensive journey of emotion with several troughs and many peaks leaving a sense of WOAH at the end.

Overall, **'Spider-man NWH'** is a Marvel Maniac's Heaven but can ruin marvel experiences for the uniformed viewers spoiling previous films and enjoyment of them. This is not a stand-alone film and for some this amazing but for many of those seeking to enter the universe this is not at all suitable. This and the poorly grand soundtrack make it 4.5 stars.",2021-12-19,4
634649,Spider-Man: No Way Home,2021-12-15,Spider-Man,61cd6119a097dc001c3dd6b3,"> With great power, comes great responsibility !

Best spider man movie I have ever seen. Literally got chills watching it cinema hall. Cinema hall turned into stadium. The screams, the excitement, the hype - all about it is amazing in it's own way. A total fan service.",2021-12-30,15
634649,Spider-Man: No Way Home,2021-12-15,Spider-Man,61d7cd03a58902008b976594,"Wow! Loved it!

I'd recommend not reading any reviews if you plan to watch it - I didn't and I'm sure glad I didn't! Spoilers inbound!

Where to begin? I was not expecting to love this film as much as I do! It surpassed my expectations in every way possible, to the point that I'd say it beats <em>'Avengers: Endgame'</em> as my favourite production from the MCU. This is a next level superhero movie, it's easily the most I've consistently enjoyed a film in this series and genre - no question.

The cast are all outstanding, it's ace how they work everyone in from previous iterations of <em>'Spider-Man'</em> - even away from the main universe. Seeing Tom Holland, Andrew Garfield and Tobey Maguire together onscreen as Peter Parker is tremendous. The film does it in the perfect way, at no point does it feel forced or needless and the humour between the trio is excellent; in fact, the whole film is funny when it intends to be.

Zendaya, Benedict Cumberbatch, Jacob Batalon (his best showing of the trilogy), Jon Favreau and Marisa Tomei also add positives things to this 2021 film. Jamie Foxx, Alfred Molina and, most pleasing for me, Willem Dafoe all reprise their characters from past releases and are all a joy. I'm a fan of Dafoe so was particularly happy to see him reappear.

Onto what we see onscreen. The plot is great and I wouldn't change anything about it, there is one or two things that I had question marks about whilst watching but those quickly dissipated. The pacing is top notch and the music is superb, the respective screen times of everybody was pinpoint and, along with the already noted humour, the film also packs a punch on a more serious level to boot.

This really is top tier Marvel! Would watch again, would recommended etc. Awesome!",2022-01-07,23
634649,Spider-Man: No Way Home,2021-12-15,Spider-Man,61d872c5c669ad00904a2397,"This is the perfect Marvel movie that isn't an Avengers film. It pays off everything thing it builds up, corrects previous misgivings and really gets the character of Spider-Man right. All while setting things up in an interesting way that it's bound to be fresh next time out. Absolutely loved this.",2022-01-07,23
634649,Spider-Man: No Way Home,2021-12-15,Spider-Man,62588a74c92c5d00652ee366,Good addition to the Spider-Man franchise and a quasi-reset. Fun seeing the old guard in here with Maguire and Garfield along with their foes and at least their inclusions didn't feel as forced as I feared when this movie was first announced. The relationship between Tom Holland and Zendaya worked better than in Homecoming and even Far From Home. Will be interesting to see where the series goes from here. **4.0/5**,2022-04-14,120
634649,Spider-Man: No Way Home,2021-12-15,Spider-Man,62b88a8767203d0d3888ba62,"This is another Spider Man for kids which for me is a wee bit unfortunate. I would very much have liked a Peter Parker / Spider Man that behaved like a real superhero instead of this naïve kid who constantly thinks he knows better than the grown ups and, of course, constantly bungles things up.

In addition I was not too thrilled about the story itself where Spider Man right at the beginning is framed as the bad guy. I know, I know, it is rather consistent with the original comics but Hollywood do not hesitate so change things if they feel like it so why not make a good change for once?

The good thing about this movie is the special effects. They are quite cool. Especially the parts in this weird space where Doctor Strange and Spider Man dukes it out. Unfortunately that is pretty much it.

The rest of the movie is really dragged down by the childish and stupid behavior of Peter Parker. Him being a real idiot and constantly trying to change the spell was just cringe worthy. Then he continues screwing things up because he do not want notorious criminals to go back to their real place because they will actually die there. Typical Hollywood sob story. Despite what that dumb bitch said towards the end, yes Peter Parker you did something wrong, you screwed up big time and the wrong people died because of it.

Another thing that was really annoying throughout the movie was listening to that moron Jonah Jameson from The Daily Bugle. He was spewing almost as much fake news as CNN and it just pissed me off every time he was on screen.

It is a shame really. One would have thought that, given that they already did the young and immature Spider Man in Spider Man: Far From Home, they could have made him more experienced and mature in this one. You know, character advancement.

Instead they just piled on the childish, naïve and immature behavior with a good dose of juvenile jokes making what, with some actual intelligent script writing, could have been a great movie with all those cool special effects (and I really do like Doctor Strange) to be one just barely watchable.",2022-06-26,193
634649,Spider-Man: No Way Home,2021-12-15,Spider-Man,62bdf8bdabdafc00615e764c,"This movie brings it from start to finish, there is not a dull moment in this film, and we truly see the birth of a new Spider-Man. As a superhero and MCU fan, this is a much watch and breaks open the multi-verse entirely. A welcomed addition to the fresh new phase four of the MCU.

**Verdict:** _Excellent_",2022-06-30,197
634649,Spider-Man: No Way Home,2021-12-15,Spider-Man,62f32017e72fe8007d056555,I like it,2022-08-10,238
634649,Spider-Man: No Way Home,2021-12-15,Spider-Man,63002a45097c49007aa1e71c,"**One of Marvel's absolute best!**

Watching No Way Home felt like my childhood and my adulthood were embracing each other in a warm, friendly hug. The nostalgia was brilliantly balanced with advancing Tom Holland's Spider-man and developing his character. Andrew Garfield's Spider-man also received some long-awaited closure after an abrupt end to his story. The effects, action, and humor all reinforced a heartfelt film focusing on the characters' processing of loss and grief.",2022-08-20,248
634649,Spider-Man: No Way Home,2021-12-15,Spider-Man,630ae8b432489b007e863578,"Spider-Man: No Way Home is like the proverbial blind squirrel that finds a nut every now and then, except that it doesn’t so much find them as it steals them from another squirrel’s hoard. The massive combined gravitas generated by Willem Dafoe, Alfred Molina, and Jamie Foxx would be enough to save any other movie; the problem is that this film is not theirs to save, and it’s barely a film at all to begin with – it’s more like the superhero equivalent of that Pink Panther movie they made with spare parts from previous Pink Panther movies.

If I want Willem Dafoe as the Green Goblin, why not just revisit 2002’s Spider-Man? Similarly, if I have a hankering for Alfred Molina as Doc Ock, why not just rewatch 2004’s Spider-Man 2? The latter was, according to Roger Ebert, “the best superhero movie since the modern genre was launched with ""Superman""”. How the mighty have fallen. It’s great to see Dafoe and Molina sharing screen time, but once the novelty – or rather the nostalgia – wears off, we are left with only a reminder of how comparatively superior Sam Raimi’s trilogy was, as well as a testament of how downhill things have gone since then.

When Molina finally arrives, following an excruciatingly dumb, seemingly endless first half hour, he does so like a godsend; unfortunately, as much as we welcome the company of someone with a gleam of intelligence in his eyes, Doc Ock’s edge has been dulled by poor stylistic choices – first, his mechanical tentacles are 100% computer-generated (as opposed to Spider-Man 2, which used CGI to enhance, but not fully replace, a set of prop tentacles), and second, Molina was digitally de-aged (as was Dafoe), though in this case, unlike for example The Irishman, the unintended uncanny valley effect might have been a blessing in disguise; after all, Doc Ock is supposed to be a comic book villain, so that grotesqueness actually becomes him.

All things considered, everything and everyone endemic to the MCU Spider-Man is as flat and artificial as cardboard (our sympathy inevitably lies with the villains because, goblins and octopuses though they may be, they remain at all times more human – and certainly have a cleverer sense of humor – than any of the heroes with the exception of Tobey Maguire, and while Spider-Man may prevail over Norman Osborne, Dafoe totally obliterates Holland in terms of acting); at the same time, all the best parts are almost exclusively lifted from the work – and not even the best work at that – of a much more talented filmmaker. To put it bluntly, Spider-Man: No Way Home has absolutely no reason for being.",2022-08-28,256
634649,Spider-Man: No Way Home,2021-12-15,Spider-Man,654a2fb52866fa0138a89c0a,spiderman no way home is one of the best films ever made. playing in perfectly on nostalgia but in the good way. realising childhood dreams and exceeding expectations while also delivering a good standalone film for the people who never watched spiderman. the hype is real. go watch this very awesome movie!,2023-11-07,692
634649,Spider-Man: No Way Home,2021-12-15,Spider-Man,69eac24a2de4e67aeb28c997,"79/100

Tom Holland (Peter Parker 1) is solely responsible for this film being made as he went to Sony and Marvel and told them to get their asses back to the table and work out a deal ...much to our benefit. After Spider-Man's identity is revealed and he's accused of murder and mayhem, Parker asks Dr Strange to cast a spell to make everyone forget. This rips a hole into the multi-verse and many of the characters from pre-MCU Spider-Man films show up making this film as nostalgic as it is exciting, action packed and providing countless story branches to pursue. -- DrNostromo.com",2026-04-24,1591
969681,Spider-Man: Brand New Day,2026-07-29,Spider-Man,6a68a88e728b93dbab812337,"Check out my full review @ movieswetextedabout.com/spider-man-brand-new-day-movie-review-destin-daniel-cretton-delivers-peter-parkers-most-personal-story-yet

Rating: A

SPIDER-MAN: BRAND NEW DAY had every excuse to become a bloated victory lap for the MCU’s biggest names, and instead it turns out to be the most emotionally mature, personal Peter Parker story we’ve gotten yet — one that treats its sprawling cast as tools in service of a single, aching question about isolation, identity, and what it costs to keep pretending you don’t need anyone. Tom Holland has never been better, Sadie Sink announces herself as a genuine star, and Destin Daniel Cretton proves that even inside Marvel’s most crowded corner, a story can still belong entirely to one person. With some of the best Spidey action I’ve ever witnessed, a standout Michael Giacchino score, and terrific performances across the board, this is definitely top-tier MCU.",2026-07-28,-1
969681,Spider-Man: Brand New Day,2026-07-29,Spider-Man,6a6bb36be055bb37bb4796ee,"The name ""Brand New Day"" is very much a misnomer, there is nothing new in this film, you've seen it all before.

The film REALLY drags, is boring and I zoned out multiple times, the film didn't hold my attention at all. It feels like its twice the length of its runtime it goes on, and on, and on, and on.

I think that Spiderman worked better when it was separate from the MCU shared universe goofiness, there is some really cringy MCU stuff shoehorned in.

Not a bad film, its a perfectly competent routine superhero film, the heroes are introduced, the villain is introduced, then the superhero wins, same plot as every superhero film. I was hoping for something Brand New - it did not deliver.",2026-07-30,1
969681,Spider-Man: Brand New Day,2026-07-29,Spider-Man,6a6bf2a8b742963db164defb,"I enjoyed this, but I have a few glaring issues.

SPOILERS AHEAD:

1. How many times are we gonna do this !@#$ where folks don't say what the !@#$ their problem is? We spent half of the movie with Jean terrorizing Peter simply because he got in her way. At no point does she think to reason with him and say, ""DEM MOFOS HAVE MY MOFO-ING SISTER, YOU MOFO-ING ARSEHOLE!"" Really? Really? We ""SSAAVVVEEE MMAAAAAARRRRRRTTTTHHHHAAAAA""-ing this up again?
2. Damage Control has been out of control since WandaVision and Ms. Marvel. How the flying !@#$ are they still operating without oversight? Furthermore, how the !@#$ is Metzger still on the loose? It's like Kingpin at the end of Daredevil Season 2: a whole bunch of philosophical bull!@#$, and no justice. No justice for Sara, no justice for Jean, no justice for Metzger's crimes.
3. I don't accept ""small potatoes"" excuses. Were the events of Daredevil Season 2 too small potatoes for Yelena to cameo? Also, where is Xavier? Is it too ""small potatoes"" for him too?

I might drop my rating from an 8 to a 7, because these ""glaring issues"" irritate me a whole lot.",2026-07-31,2
969681,Spider-Man: Brand New Day,2026-07-29,Spider-Man,6a6e8fde958a79021d967586,"When I watch a movie, I expect to be entertained, enlightened and/or informed (not necessarily in that order or all at once). But what I *don’t* want is to be treated like a marketing prospect. And that, unfortunately, is one of the problems with many of the releases in the Marvel Universe, including this latest installment in the Spider-Man franchise. Given the studio’s intricate web of properties (no pun intended) in this overlapping assortment of superhero franchises, there are considerable character and storyline cross-overs in virtually all of its film projects. Now, because of that, some cross-pollination of the narratives is bound to occur. But, when this practice becomes a key element in developing the plots of these offerings, it begins to feel more like marketing manipulation than bona fide storytelling, as is the case here. I don’t particularly appreciate using existing efforts to purposely promote upcoming productions. It tends to make these movies somewhat formulaic and cookie-cutter in nature. And, even though that’s not carried to an extreme in this release, it’s present nevertheless, no matter how much director Destin Daniel Cretton may try to enliven whatever other distinguishing characteristics might have been incorporated into the script. In essence, the film continues the current Spider-Man mythology with protagonist Peter Parker (Tom Holland) working largely as a solo undercover crimefighter in New York going after bad guys in a world where he and his past accomplishments have been intentionally forgotten as part of a selfless protective initiative. Only he retains recollection of what came before, leaving him alone where this knowledge is concerned, since old colleagues, including his onetime love interest, M.J. (Zendaya), retain no personal memory of him. It causes him a certain sense of emotional weariness, but it’s also something that he doesn’t have the luxury of time to focus on, given his workload and the fact that he’s going through transformations of his own while battling a menacing new nemesis (Sadie Sink). True, he secures some assistance from past superhero kindreds (Mark Ruffalo, Florence Pugh), but they don’t remember him either, compromising their effectiveness. Can he overcome all of these challenges? That’s a question as much for viewers as it is for Spidey himself, given that, in telling this story, multiple narrative threads are introduced (and not especially clearly), a problem that plagues the flow of the material in the opening half. This could potentially hamper viewer understanding until the picture’s back end, when it finally finds a firmer footing to tell its tale (even if some of it isn’t always adequately explained). Judicious editing may have helped here, but then that may have meant trimming some of the marketing material for future releases (and we can’t have that now, can we?). In short, “Spider-Man: Brand New Day” is probably best seen as a mediocre Marvel offering that features some modestly entertaining enhanced character development but that nevertheless covers a lot of action-adventure ground we’ve already seen before in countless other studio releases and that could certainly use some shrewd pruning of its overlong 2:24:00 runtime, too. Diehard fans of the franchise will no doubt love this (or virtually anything else that Marvel chooses to put up on the screen) no matter what, but I can’t help but take issue with that assessment. After all, there’s quite an undeniable irony here in the bold wording of the film’s title, which would seem to promise something new but doesn’t follow through on that pledge as well as it might have.",2026-08-02,4
969681,Spider-Man: Brand New Day,2026-07-29,Spider-Man,6a6ed3318244d774930c16ca,"Haven't seen a Marvel Movie in a long time, haven't really wanted to either.  Last one I saw was Spider-Man... which I think is the case with a lot of people.  Tom Holland is carrying what is left of a once great franchise now in it's death throws, lost in an attempt to court the nonexistent ""modern audience.""  But that's what happens when you sacrifice your fanbase on the altar of the woke gods, you end up making movies no one wants to see by trashing the franchises everyone loved.  

And now Tom Holland is left carrying the weight of it.

So, what was the movie like?  Well, it was badly in need of an editor. This is one of those movies where the directors cut should make it shorter not longer.  The pacing sort of sucked, there were cameos in it that didn't need to be in it.    The side story of Spidey leveling up didn't need to be in it. The police captain didn't need to be in it.  If they cut some of the fat, the movie would have been a lot better.  It would have flowed a lot better, you wouldn't have had to wait so long for the plot to get moving, and the entire thing would have been far better.

Instead it was bloated.  They tried to put too much into it, and people are giving it a solid ""meh.""

But, at the end of the day it's a heck of a lot better than the MCU we have gotten post End Game.  But then it's Spider-Man, and Sony has a say in it, and I suspect they had a lot of say in not putting a chick in it, making it lame and Gay and undermining the only Hero the MCU has left.",2026-08-02,4
969681,Spider-Man: Brand New Day,2026-07-29,Spider-Man,6a6ed48f2f20f24e53fbf501,"Well made and all around fun and entertaining entry in the Spider-Man franchise features fine performances all around and nice twist (thankfully I avoided spoilers). It's not amongst the best in the comic book genre or anything (though still ranks in my top 15 in that category), but I had a good time. Tom Holland is still perfect in the role and I liked his scenes with Zendaya. **4.25/5**",2026-08-02,4
969681,Spider-Man: Brand New Day,2026-07-29,Spider-Man,6a6f645e701413504e7f4d4d,"SPOILERS AHEAD: I loved the movie, I’m not going to lie. It feels different, daring, and genuinely confident in its own identity. Jon Watts should be taking notes.

That said, I do feel that Hulk/Banner deserved a much larger role. The character had the potential to contribute a great deal to the story, but they never fully took advantage of him.

The Bad Bunny reference made me laugh, and honestly, it also made me happy. Whether you like him or not, he is a Latino artist and represents us. It even reminded me somewhat of the cultural energy and pride embodied by Miles Morales.

What didn’t I like? For starters: where the hell is J. Jonah Jameson?

The movie is packed with news broadcasts discussing Spider-Man and everything happening across New York. We saw Jameson at the end of *Spider-Man: No Way Home*, and here he simply vanished. Nothing. Not even a mention. Completely erased from the map.

The same applies to the references involving the inhibitor chip and Doctor Octopus. A single comment or joke delivered by the suit’s own artificial intelligence would have been enough to acknowledge that connection without interrupting the story.

And what about Daredevil? Exactly the same problem. I would have been satisfied with just a few frames of Matt Murdock sitting behind the bars of his cell, sensing that Spider-Man was nearby. It did not require a full scene or a gratuitous cameo. One carefully constructed image would have been enough to excite the audience and connect both worlds.

There is also a major problem during the final act.

Our friendly neighborhood Spider-Man risks his life to save Jean Grey from a shot fired by the Punisher, and Frank ultimately takes him to the hospital. Sometime later, we see Peter lying in a hospital bed while Frank explains that the doctors had to completely destroy the suit in order to save his life.

That means they necessarily saw his face and discovered his identity.

And that is where the plot hole appears: once they learned who he was, they should have discovered that Peter Parker practically does not exist in any recognizable public record as a consequence of what happened at the end of *No Way Home*. So what was the point of that entire storyline and everything Peter sacrificed?

The problem becomes even more obvious in the final scene, when Peter casually walks out through the hospital’s main entrance dressed as Peter Parker. If the doctors had to remove his suit and saw that he was Spider-Man, how is it possible that nobody recognizes him, questions him, detains him, or at the very least reacts to such an enormous revelation?

Anyway…

I did think that Ned unconsciously remembering Peter through their handshake at the end was a beautiful and emotionally intelligent detail. It subtly suggests that, even though his memory was altered, certain emotional connections remain buried somewhere inside him.

But it is time to move forward.

I want to see Harry Osborn. I want to see Gwen Stacy. I want to see Peter finally become a photographer and build a life of his own, rather than constantly depending on the legacy of the Avengers.

I hope *Spider-Man 5* has the courage to explore that stage of the character’s life with the maturity, drama, and cinematic ambition it deserves.

Peter Parker has already lost far too much. Now it is time to watch him grow, rebuild his life, and finally become the definitive version of Spider-Man.",2026-08-02,4
969681,Spider-Man: Brand New Day,2026-07-29,Spider-Man,6a73b1aa2816166bb53d656e,"Even with its minor flaws, *Spider-Man: Brand New Day* is the best Tom Holland Spider-Man film to date and easily the most exciting the MCU has been in years. Spectacular performances, sensational action choreography, an amazingly mesmerizing story, and some of the most astonishing web-slinging sequences of any Spider-Man film to date help solidify *Brand New Day* as one of the best Spider-Man films ever.

https://bit.ly/SpiderCant",2026-08-05,7
969681,Spider-Man: Brand New Day,2026-07-29,Spider-Man,6a7427fb71abbca438333f15,"""Peter Parker"" (Tom Holland) is pining. After having to sacrifice everyone's memory of him to save the world in the last film, he now has to swing from building to building in his red and blue kevlar stopping crimes whilst the biggest of all - his loss of ""MJ"" (Zendaya) remains unsolvable. The poor fella is lonely and so is putting all his efforts into his work to the extent that his police pal ""DeWolff"" (Liza Colón-Zayes) is starting to worry about his wellbeing. Well it isn't long before he is too - his spidey-senses are all over the shop. What's occurring? Well a chat with the sauna-dwelling ""Black Widow"" (Florence Pugh) following an Azazel-like experience with an ostensibly malevolent creature that can jump from person to person to person - but that can't use him as a conduit - starts to really get him confused. On the personal level, he has learned that spiders have three stages to their lives, so perhaps this is just a natural readjustment? He reckons a chat with ""Banner"" (Mark Ruffalo) might help - incognito, of course, but that only seems to make matters even worse. Might he, too, need an inhibitor to stop himself turning into something altogether more dangerous as his internal symbiosis between human and arachnid looks compromised? Meantime, he does make progress in identifying his ruthless and powerful new nemesis, but that doesn't help him explain why she is so bent on destroying the city's enforcement bureau and exacting her vengeance on it's boss ""Metzger"" (Tramell Tillman). Can he sort this out before he is subsumed by his new-found nature and, of course, what can he do about ""MJ""? It's ten years since Holland first donned the red mask and as much as with watching the actor, we can also watch how his characterisation of ""Spider-Man"" has evolved. There are certainly plenty of set-piece action scenes - usually in tandem with Jon Bernthal's entertaining ""Punisher"", but there is also a little more soul to this film. It's much more of a characterful look at the man behind the eyes, of a troubled soul - but not in any sort of melodramatic fashion; more a study of just how loneliness can effect a person, any person, and of how difficult it can be for them to admit the problem let alone reach out to anyone. Zendaya is anything but the damsel in distress here too. There's no high-pitched squealing or ""save-me, save-me"" tied to a scaffold by the baddie sort of stuff. Indeed there's actually a distinct lack of the traditional baddie here and as the story unfolds the messy carnage starts to look like someone else's manifestation of solitude, too. This is certainly a piece in the puzzle of the MCU - with ""Avengers"" and ""X-Men"" related threads, but it doesn't mess about with it's timelines and so we are presented with something enjoyable and quickly paced, but just a little more substantial too - quite an achievement for a man who can't get his sponsors to make him red and blue spidey-pants too!",2026-08-06,8
969681,Spider-Man: Brand New Day,2026-07-29,Spider-Man,6a758470fb7cd50c603a0609,"Not an absolute disaster, but 6.5/10 at best. It falls well short of the previous trilogy, and it baffles me how it’s breaking records and pulling top reviews. It felt like a tired, bloated movie riding purely on hype and pent-up demand for a Tom Holland outing. 

My biggest issue was the core supporting cast. The emotional weight of No Way Home relied on Peter's sacrifice so they could live safe lives. Bringing them back when they don't even remember him felt like a total cop-out. They served zero narrative purpose and were clearly included out of obligation. Reverting on that sacrifice undercuts the last film, and the story would've been far tighter without them taking up screen time. 

The pacing and stakes were just as frustrating. A weak central conflict left a 2.5-hour movie dragging with shockingly little happening. To mask the lack of momentum, shoehorned hero cameos were jammed in for fan service rather than Peter's arc, weighing the story down with broader MCU maintenance. 

The action and visuals were equally lacklustre. Instead of grounded, street-level acrobatics, set pieces felt generic and CGI-heavy, with a rushed third act trading emotional payoff for a noisy climax. 

Overall, a mediocre effort. It's fine for a casual evening out, but as a flagship release, it’s underwhelming. Fans expecting a sharp follow-up will feel the franchise is running on fumes. It should have cut ties with the past to stand alone or start a fresh trilogy. Admittedly a tough task, but it would’ve made a far better fourth film.",2026-08-07,9
969681,Spider-Man: Brand New Day,2026-07-29,Spider-Man,6a78e55314db0041f2f5dfdd,"Easily the worst Tom Holland Spiderman movie. The plot is unambitious and leaves so many plot points hanging it feels like barely anything was resolved, and they were scrambling to create a third act where Spiderman has to fight anything.

Why would they introduce Jean and then not resolve her plot line… At all? She starts the movie on the run, looks for her sister, realizes she’s dead, then goes back to being on the run. It didn’t really feel like we accomplished anything. It didn't feel like she had any character arc because we still don't know anything about her, other than she's mad at the people who kidnapped her sister.

Also, the twist of her not being the villain is CRAZY to me because she was insanely evil and spent most of the movie messing with Spiderman, threatening to kill his girlfriend, possessing multiple people and making them attempt suicide, and causing untold damage… only for the movie to end with “actually she’s a really nice person deep down inside?” What??? She was blatantly evil and sadistic, and now she’s just cool and misunderstood?

So much of Jean becoming a villain was out of convenience so there could be something for Spiderman to fight. Why would Jean run a tank through the city and plant a bomb if she wants to keep a low profile? Why did she free Scorpion? You also can't just make EVERY action scene about fighting mind-controlled villains. Oh my god, it's Scorpion... But he's mind controlled! It's Hulk but he's mind controlled! It's The Hand but they're mind controlled!!! It's a bunch of security guards but they're...! Oh nevermind, they just wanted to fight Spiderman for fun.

Half of the plot is just Spiderman getting the confidence to re-introduce himself to his friends. I totally get *why* they’re doing it and it’s nice that they reconnect in a believable way… But it’s just such a boring plot idea. The whole emotional core of the movie is just “guy connects with characters he used to be friends with last movie”. It takes an entire movie to reset the status quo back to the previous movie. Imagine if they spent this time introducing any new fun characters instead of re-introducing ones we already know.

The Hand is also just hanging out in New York and it’s never explained or resolved. Spiderman’s powers freaking out is never resolved but I guess it’s just implied he gets over it now that he has friends again. Jean Gray baits you into thinking they’re introducing mutants to the MCU but they never do. The director guy was supposedly left alive but we never see if anything happened to him…? Did they just let him go with zero consequences?

So much wasted potential and wasted time. Everything was kinda half assed. The only thing I can really say I liked was the direction, it felt a lot more dynamic and less flat than the other Tom Holland spiderman movies. I loved the swinging scenes. Everything else? Bleh.",2026-08-09,11
969681,Spider-Man: Brand New Day,2026-07-29,Spider-Man,6a7f37620601dbc9691c3a6a,"#filmreviewhaiku

Manhattan rising / Genius inherited / Villains come in waves

#filmreviewhaiku



&nbsp;",2026-08-14,16
969681,Spider-Man: Brand New Day,2026-07-29,Spider-Man,6aa788ebf253142d97ecc140,"*Spider-Man: Brand New Day* is, in my opinion, the best Spider-Man movie so far. The movie has everything I want from a Spider-Man story—an exciting plot, great action, emotional moments, and a strong connection to the character. The actors have done a really nice job, and their performances make the characters feel natural and enjoyable to watch. I especially loved the overall vibe and energy of the movie. Every scene kept me interested, and the story never felt boring. For me, this is the perfect Spider-Man experience and easily one of the most enjoyable superhero movies I have watched.",2026-09-14,47
969681,Spider-Man: Brand New Day,2026-07-29,Spider-Man,6aa83510ff735b5fc1e518b0,"*Spider-Man: Brand New Day* is an example of why Tom Holland's Peter Parker / Spider-Man is my favorite incarnation of the character in live-action. The story is the most mature of the Sony/MCU Spider-Man films, showing how Peter navigates being a superhero in a world where people forgot his name. Because Dr. Strange had wiped people's memories with a spell at the end of the previous film, *No Way Home*, both Ned Leeds and MJ don't remember him, leading to a fractured relationship between the three of them, but at the same time, their dynamics are still in there somewhere, and the way they handle their reconciliation-ranging from MJ drawing Peter and Ned building Lego sets together to Peter and Ned recreating their handshake at the end-is poignant and poetically symbolic because it shows that their connections are still airtight, even if MJ and Ned don't know who Peter Parker currently is. Now regarding Jean Grey, I was a little bit skeptical at first of her being the antagonist, especially after having seen the Disney+ series *X-Men '97*, where her dynamic as a mom to who eventually becomes Cable is one of the most mature forms of storytelling in media, but giving her the tragic reason of losing her sister Sara to the Department of Damage Control's actions made her very sympathetic. And the plot twist the ""V-Max"" she was looking for is just a vent is brilliant writing because it shows that just like Jean, Sara was also delusioned by the DODC's actions, and it led to her own demise when they pushed her too far and killed her. The way they handled Peter's powers evolving was smart as it didn't take away from who he is as a superhero-that being a normal person with superpowers-but it also increased what his powers were capable of doing. Giving him organic webbing is also a fun callback to the Sam Raimi trilogy, and Peter even mentions it when he finds out that he no longer needs synthetic web fluid. Florence Pugh's role as Yelena Boleva was really funny because her using a bathhouse as an ""office"" is so inappropriate it's comedy gold, and having her be a comic relief character after her role in *Thunderbolts\** really shows how forming a new team of superheroes has made her loosen up a little bit. In addition, it made sense why Hulk would be in this movie, as like Peter, he is a normal person with a mutation and the idea of the ""inhibitor"" helped stabilize Peter's powers, but at the same time, it also limited what he could do. I would say something about Michael Giacchino's musical score, but A) I don't need to talk about the music in every review I make on here, and B) We all know how amazing of a composer he is. In conclusion, *Spider-Man: Brand New Day* delivers a lot of what I love about MCU Spider-Man while bringing a rich, mature new story that continues the timeline of Tom Holland's iconic superhero and pushes him to the absolute extreme.",2026-09-14,47
969681,Spider-Man: Brand New Day,2026-07-29,Spider-Man,6aae490728e5f9e507b66bd2,"This is a very decent superhero movie. It does build on previous movies and builds the narrative for the next one in this shared universe, but it doesn't become overburdened with references or cameos. It only includes two other established heroes and the dynamic between Spider-Man and these two make for the rest of the movie. It is a good entry in the continuing Marvel saga and is a good example of how less is sometimes more.",2026-09-19,52
969681,Spider-Man: Brand New Day,2026-07-29,Spider-Man,6ab20204ed4001d37e33697e,"*Spider-Man: Brand New Day* is absolute cinematic gold! It easily takes the crown as Tom Holland's best Spidey movie yet, bringing back the pure adrenaline and magic the MCU has been missing. From breathtaking web-slinging sequences to incredible action choreography, it's a must-watch.

If you're looking to catch it in high definition or want a reliable place to stream your favorite titles instantly, check out [**fmovies.club**](http://fmovies.club). It’s become a go-to hub for lightning-fast streaming and organized movie collections.

[https://fmovies.club/](https://fmovies.club/)",2026-09-22,55
324857,Spider-Man: Into the Spider-Verse,2018-12-06,Spider-Man,5c17088b92514132ba0be321,"First of all, I love the animation style in this film. The animation in this film is styled to look like an actual comic book. I think this approach for this kind of film was an excellent choice because we’ve all seen the usual kind of animation but nothing like this. To tie in with the animation I need to talk about the action scenes in this film. These tie in with the animation because of the way the directors styled the action shots is to look like something in a comic panel. Most people don’t know who Miles Morales is and after this film, you’ll want to learn more about him because of how they made him so relatable in this film. He acts like a typical teen in this situation compared to other versions of Spider-Man. Other versions kind of just acted like they always knew how to use their powers when Miles struggles with his. Miles isn’t the only relatable character film all of them are. The creators of this film did a “Marvel”ous job at making each character in this film somebody at least one person in the audience can relate to. All of the voice actors did a great job in their respected roles but it would’ve been nice to have a returning voice to at least one of the Spider-Man. It would’ve been cool to hear a returning voice even if it was for a few seconds. I have to talk about the humour in this film. It isn’t overpowered in this film and I felt like it had just the right amount of humour that will make everybody laugh. They poke fun of things that wouldn’t make sense in a real movie and other Spider-Man movies. Not a single moment in this film felt rushed or slowed down every scene felt the right pace for a movie like this. The cinematography in this movie was spectacular. This is probably because of it looking like a comic book and how the lighting needs to match up with how it would look in an actual book. If you are a comic book junkie you’ll love all of the easter eggs in this film. Some of them just comic book readers will get but others a majority of people will understand. The music in this film is fantastic. Every song in this film isn’t overused and matches perfectly with the age of the character. Somebody Miles age would be listening to the type of music he listens to. And the music without lyrics helps increase the emotion in the film. Also, there are two end credit scenes that are worth waiting for. In the end, this film is perfect for everybody. I give Spider-Man: Into the Spider-Verse a 10/10.",2018-12-17,11
324857,Spider-Man: Into the Spider-Verse,2018-12-06,Spider-Man,5c6b7a529251412fc40c2bb0,"It's true I liked it less than perhaps the vast majority of _Spider-Verse's_ audience, but this was still great, the animation enamouring, and the depth of its story and reference totally engaging. Not to me the best Spider-Man movie as many have said, (that honour still goes to _Homecoming_) but a blast all the same.

_Final rating:★★★½ - I really liked it. Would strongly recommend you give it your time._",2019-02-19,75
324857,Spider-Man: Into the Spider-Verse,2018-12-06,Spider-Man,5c9444f6c3a3682e53f23301,"My wife doesn’t care for Spider-Man at all - as Batman is her favorite superhero.

With that being said, she loves this movie to death, along with my son and I. It’s safe to say we’ve watched this movie over 10 times and we’ve shown it to all our friends. It’s a really great movie that promotes diversity, good animation, and has a great story. I highly recommend to all who are interested in watching.",2019-03-22,106
324857,Spider-Man: Into the Spider-Verse,2018-12-06,Spider-Man,5cd04fcdc3a3684fbcdea3dd,"Spider-Man: Into the Spider-Verse (2018) is no ordinary Spider-Man movie, it contains multiple characters with the same powers in multiple dimensions.
 This is also not an ordinary animated movie. It has animated style we have never seen before. There were 177 animators and it took 1 week to animate 1 second and 1 year to nail down 10 seconds. Nowadays, animations are being made to look real but this movie was different. However, the creators wanted it to look like something new for viewers. They don't make it realistic or cartoon. The creators used an old-school technique called ""smear"". If you look in a single frame, you'll notice things like multiple limbs to create the illusion of movement. Basically, the entire movie was a comic book that moves. There is a technique in half-toning, which uses dots to create colors and gradients. They were really jaw-dropping. The shadows were created with hatching or crisscrossed lines. The movie had some textures so it would be exactly like a comic and I was glad that it deserved Oscars's Best Animated Feature. All of these techniques combined to make a movie that was the best animated feature not just in 2018 but perhaps of all time. It was really like a masterpiece of animation!
 The story plot was really good. The scenes were quite EPIC and sometimes tragic and hilarious. The unbelievable thing was when Peter Parker died in Miles' Dimension. It was really sad to see an iconic superhero killed by a supervillain. The deaths are moving and the hilarious scenes kept me laugh a lot. I like the end-credits when it started in the Animated Tv Show Spider-Man (1966) when the two Spider-Men look exactly like each other arguing, but this time, it was Spider-Man pointing to Spider-Man 2099. How did they do that? Perhaps the best moment to me was “A Leap of Faith” when Miles tried to be the one and only Spider-Man in his dimension, after Peter Parker was dead.
I wasn't bored watching this movie, it kept my eyes open on the screen looking at the newest kind of animation. I was totally impressed! Perhaps this is the greatest animated movie of alll time! It was a really good idea to release this on Christmas!",2019-05-06,151
324857,Spider-Man: Into the Spider-Verse,2018-12-06,Spider-Man,5dc330a48d22fc00183ca033,"Stan Lee would be proud! Great story, great message, and great animation.",2019-11-06,335
324857,Spider-Man: Into the Spider-Verse,2018-12-06,Spider-Man,5dc38a8a99259c00157a96be,It's easy to see how this became the visual masterpiece it is. The creators put a lot of love and passion into its making and the results are amazing!,2019-11-07,336
324857,Spider-Man: Into the Spider-Verse,2018-12-06,Spider-Man,5dc393cc8d22fc00123d455f,"I was asleep most of the time while watching this film,  but during the times I was awake, I enjoyed the animation and it looked like something I would've enjoyed - if I weren't too busy dozing off.",2019-11-07,336
324857,Spider-Man: Into the Spider-Verse,2018-12-06,Spider-Man,5dc399b799259c00157ab520,"I didn't expect I would enjoy this movie this much. The trailers looked too hyped for me and so I thought it would flop just like the other ones. Surprisingly, it didn't and I had my eyes glued to the screen because of the awesome animation the creators put out. Really good job!",2019-11-07,336
324857,Spider-Man: Into the Spider-Verse,2018-12-06,Spider-Man,5dc56f7e6f8d950010c2e4fe,Spider-Man has always been that character that I saw in live-action movies so to see him in an animated version was a first for me. It was hard for me to enjoy it at first but the movie didn't seem too bad and had a really good plot.,2019-11-08,337
324857,Spider-Man: Into the Spider-Verse,2018-12-06,Spider-Man,5dc57a69ab1bc70013ff31db,"At first,  I expected I was gonna be disappointed because all of the trailers for this Spider-Man looked childish and too millennial for me. And being a fan of the Tobey Spider-Man, I had high expectations. Surprisingly though, I was able to still love the film!",2019-11-08,337
324857,Spider-Man: Into the Spider-Verse,2018-12-06,Spider-Man,5e00ef3fd1a89300198cc902,"No doubt about it. This is truly Marvel, from the bold storytelling all the way to its stylish animations.",2019-12-23,382
324857,Spider-Man: Into the Spider-Verse,2018-12-06,Spider-Man,5e0102d465686e0015979678,A lot of risks were taken in this video and all that paid off giving us one hell of a film!,2019-12-23,382
324857,Spider-Man: Into the Spider-Verse,2018-12-06,Spider-Man,5e011ba326dac10014660944,"Although the story was a textbook plot, it still had enough twists to satisfy both new and returning audiences.",2019-12-23,382
324857,Spider-Man: Into the Spider-Verse,2018-12-06,Spider-Man,5e0286a375110d0018db488a,"This definitely has Stan Lee's seal of approval. People in the studio, be proud of yourselves. You have made Stan Lee proud.",2019-12-24,383
324857,Spider-Man: Into the Spider-Verse,2018-12-06,Spider-Man,5e092493fea0d70013bba0bb,One of the few films that lived up to the hype and even surpassed my expectations.,2019-12-29,388
324857,Spider-Man: Into the Spider-Verse,2018-12-06,Spider-Man,5e09c663b4a5430012c4ca42,"Watched this movie a couple of times and I think it's safe to say that it's a near, perfect movie.",2019-12-30,389
324857,Spider-Man: Into the Spider-Verse,2018-12-06,Spider-Man,5e0e0cd69974ee0012a6d421,Animators really outdid themselves on this one by giving each character a uniqueness to them.,2020-01-02,392
324857,Spider-Man: Into the Spider-Verse,2018-12-06,Spider-Man,5e0e16f168b1ea00157f8301,Sony really nails making character movement look detailed and pronounced.,2020-01-02,392
324857,Spider-Man: Into the Spider-Verse,2018-12-06,Spider-Man,5e0e212c12c60400123f51c6,"Despite having a plot that's almost predictable, the visual style and the way it was presented made the film feel fresh.",2020-01-02,392
324857,Spider-Man: Into the Spider-Verse,2018-12-06,Spider-Man,5e0e2ba9fd4f8000175e8135,"The visuals, concepts, soundtrack, and characters are some of the best I've ever seen!",2020-01-02,392
324857,Spider-Man: Into the Spider-Verse,2018-12-06,Spider-Man,5e0e47e76dc6c000154d0b85,There really is no way to describe this film. It is just plain AMAZING!,2020-01-02,392
324857,Spider-Man: Into the Spider-Verse,2018-12-06,Spider-Man,5e0e531ac2f44b001330326b,"Great storyline and cast, amazing soundtrack and stunning visuals. Big thanks to both Marvel and Sony for making Spider-Man great again.",2020-01-02,392
324857,Spider-Man: Into the Spider-Verse,2018-12-06,Spider-Man,5e0f0f6a663b8700177eb501,"Visuals for this movie is definitely worth all the awards. No other words to describe it, just plain AMAZING.",2020-01-03,393
324857,Spider-Man: Into the Spider-Verse,2018-12-06,Spider-Man,5e0f427c663b8700137f0d13,"Stunning visuals and mindblowing storyline. What else do you want? It's a superhero movie for everyone - literally everyone. You can be young, old, male, female, or whatever and you will still love this movie.",2020-01-03,393
324857,Spider-Man: Into the Spider-Verse,2018-12-06,Spider-Man,5e1080d25907de0017da758e,Darn good film! I must say it's really almost perfect for a superhero film. It's as if the comic books were given life and I was watching it through a screen. Amazing work right there!,2020-01-04,394
324857,Spider-Man: Into the Spider-Verse,2018-12-06,Spider-Man,5e124cfefc5f0600158f8412,A game-changer for the superhero film genre. Hopefully in a few years now we get to see more of near-perfect films such as this one.,2020-01-05,395
324857,Spider-Man: Into the Spider-Verse,2018-12-06,Spider-Man,5e126887fc5f0600158fb728,It's mindblowing how they were able to tell so many character back stories in such a short amount of time.,2020-01-05,395
324857,Spider-Man: Into the Spider-Verse,2018-12-06,Spider-Man,5e12c62ed8af670012be2dab,The stylish animation presented in this film was just top-notch. It feels like they combined comic book visuals and Playstation animation to create this perfect look.,2020-01-06,396
324857,Spider-Man: Into the Spider-Verse,2018-12-06,Spider-Man,5e12ca4a8741c400143daa77,"More than the visuals, the story was great. The pacing was just impressive and they told the story wonderfully.",2020-01-06,396
324857,Spider-Man: Into the Spider-Verse,2018-12-06,Spider-Man,5e12ce449020120013b75f17,"Despite the short amount of time, it was incredible that they were able to give so much backstory to all the characters they had!",2020-01-06,396
324857,Spider-Man: Into the Spider-Verse,2018-12-06,Spider-Man,5e12d2b7d64ac2001865eb29,It's like reading a comic book and watching a movie at the same time! Indescribable!,2020-01-06,396
324857,Spider-Man: Into the Spider-Verse,2018-12-06,Spider-Man,5e20d7acbfeb8b0015cca1d5,Oh wow. I am blown away. How on Earth did an animated film such as this do so well? And how were they able to take all these separate characters and give them so much development without the film feeling like a drag.,2020-01-16,406
324857,Spider-Man: Into the Spider-Verse,2018-12-06,Spider-Man,5e20e10c397df00012966a5a,"Alright. I can really tell that a lot of effort, love, and passion has been put into this film. And as with any film where creators really put a lot of soul into making, it came out really successful.",2020-01-16,406
324857,Spider-Man: Into the Spider-Verse,2018-12-06,Spider-Man,5e20f644bfeb8b0011cce55c,"SONY redeemed themselves from the flop that was the Emoji Movie, and introduced one of the most amazing Spider-Man movies of all time! The animation, the pacing, the characters, and the musical scores -- all of these were perfect! Will definitely want to watch it again and again.",2020-01-16,406
324857,Spider-Man: Into the Spider-Verse,2018-12-06,Spider-Man,5e21de37cf4b8b0014f14c5f,"If Stan Lee was still alive, I bet you he is smiling right now. Incredible animation and an awesome story goes a long way. If you haven't watched this one yet, I suggest you do because you're missing out on life.",2020-01-17,407
324857,Spider-Man: Into the Spider-Verse,2018-12-06,Spider-Man,5e24a55e1dcb770016ca05c7,"The animation for this one is so on point. It is like watching a comic book come to life! The stylish way it was presented, along with the spectacular storytelling, made me love the Spider-Man that is Miles Morales more.",2020-01-19,409
324857,Spider-Man: Into the Spider-Verse,2018-12-06,Spider-Man,5e24acd2bfeb8b0013d440c7,"I must say, I have doubts about this movie when it first came out because I was afraid of ""Sony"" being ""Sony"". But I’m glad I did watch it. Super solid movie with a very fulfilling Spider-Man origin story. 10/10",2020-01-19,409
324857,Spider-Man: Into the Spider-Verse,2018-12-06,Spider-Man,5e24b655bfeb8b0015d49123,"Spider-Man: Into The Spiderverse is one of the movies that when you see, you will just be left speechless and dumbfounded because of the superior animation, amazing story, and great soundtrack which you can jam with anytime.",2020-01-19,409
324857,Spider-Man: Into the Spider-Verse,2018-12-06,Spider-Man,5e24bca3d6c300001742434a,This is a MASTERPIECE! Best experience of my life so far!,2020-01-19,409
324857,Spider-Man: Into the Spider-Verse,2018-12-06,Spider-Man,5e24c6085ed8e9001560e954,Stan Lee can rest easy in heaven knowing that his beloved Spidey has a very good movie now. Kudos to everyone who created this masterpiece of a movie. Excelsior!,2020-01-19,409
324857,Spider-Man: Into the Spider-Verse,2018-12-06,Spider-Man,5e24cbb8a894d6000f3a6e28,"Everything felt cohesive. It was surprisingly hilarious in many different ways, that it became the somewhat core of the movie. Also, stay at the very end, it has a top-tier end credit scene.",2020-01-19,409
324857,Spider-Man: Into the Spider-Verse,2018-12-06,Spider-Man,5e24d2c3397df000169e9f19,"Finally, Miles Morales has been given the spotlight after so many renditions of the Peter Parker version of Spider-man. This movie was everything I wanted, and I hope they will have a sequel just as amazing as this one.",2020-01-19,409
324857,Spider-Man: Into the Spider-Verse,2018-12-06,Spider-Man,5e26f24d1685da0013ded826,"I have always been a fan of Spider-man ever since I was a kid, and I must say, forget the previous renditions of Spider-man, this one IS...THE...BOMB! Watch it if you haven't seen it yet. Seriously, watch it.",2020-01-21,411
324857,Spider-Man: Into the Spider-Verse,2018-12-06,Spider-Man,5e2701bb168935000f34b5d6,"AESTHETICALLY PLEASING! This movie gave the ""comic book coming to life"" vibe that surely made all who were watching, Marvel fans or not, enjoy the movie till the very last second.",2020-01-21,411
324857,Spider-Man: Into the Spider-Verse,2018-12-06,Spider-Man,5e270fff168935001234c7b9,"Appealing to all ages, teaches a lot of lessons, and full of surprises! 11/10 will watch again.",2020-01-21,411
324857,Spider-Man: Into the Spider-Verse,2018-12-06,Spider-Man,5e2908d24ca6760012421027,"ONE OF THE BEST! It gave justice to our friendly neighborhood Spiderman, and all the scenes were amazing. It was like reading an animated comic book!",2020-01-23,413
324857,Spider-Man: Into the Spider-Verse,2018-12-06,Spider-Man,5e2916751685da0013e26143,"If you haven't seen it yet, you're missing out on life! One of the best portrayal of Spider-Man for me, with fresh new characters and villains alike.",2020-01-23,413
324857,Spider-Man: Into the Spider-Verse,2018-12-06,Spider-Man,6046d1b33e01ea0058216d92,"I can see why this is highly regarded, especially if you have a connection as a comic reader. Alas, I do not, but I still had a good time watching this.

It was cool seeing every department of the story come together, while the animation is definitely one of its big plus points - I enjoyed seeing it. The voice cast all do respectable jobs too. I have no issues with this film, to be honest. I just guess there isn't anything I love about it either.

Shameik Moore is good in the lead, while Jake Johnson supports competently in his role. Hailee Steinfeld, Nicolas Cage and Kathryn Hahn, as well as a few others, stick out too. Away from the already mentioned, I also like the music - having already known about ""Sunflower"".

Evidently it didn't connect to me, someone who has zero attachment to the source material, massively. That doesn't, though, change the fact that I did find enjoyment with <em>'Spider-Man: Into the Spider-Verse'</em> and I would certainly recommend it.",2021-03-09,824
324857,Spider-Man: Into the Spider-Verse,2018-12-06,Spider-Man,61caac70cdbaff009cb4d6c0,"Basically, if you disliked this movie, its probably just not for your, or you just hate good movies XD
Hard to hate a movie when you know so much love and care was put into it. 

Always found it funny how this movie was made by the same company as ""The emoji movie"".

Just watch the movie, its absolutely stellar, the only thing Id hate this movie for is the fact we didnt see much of anime spooder man XD",2021-12-28,1118
324857,Spider-Man: Into the Spider-Verse,2018-12-06,Spider-Man,62b0bf489c24fc008b84e37e,"Full review: <a>https://www.tinakakadelis.com/beyond-the-cinerama-dome/2021/12/28/leap-of-faith-spider-man-into-the-spider-verse-review<a>

The superhero genre can feel tedious at times, especially to anyone who may not have had a strong childhood connection to these characters. Most of the movies in this category are retreads of the same old coming-into-superpowers narratives played over and over again, just set in different places and populated with different casts of characters. Every once in a while, though, a movie comes out and reinvigorates the genre. The animated _Spider-Man: Into the Spider-Verse_ has done exactly that.",2022-06-20,1292
324857,Spider-Man: Into the Spider-Verse,2018-12-06,Spider-Man,635671c9d6c300007ad3512d,"I'm still a little wary of this multi-verse theme. I find it can lead to some seriously lazy writing as inter-dimensional characterisations can write, then re-write their own pasts and futures in a fashion that can become dull and repetitive quickly. This is not one of those. It centres around ""Miles"", a young lad who likes to hang out with his wayward uncle ""Aaron"" and who has a penchant for street art. It's whilst they are decorating an underground wall that he gets bitten by a spider and soon afterwards starts to feel the effects of his spidery-transformation. Meantime, the real ""Spider-Man"" aka ""Peter Parker"" falls foul of the evil ""Kingpin"" who has created a collider that will enable him to enter parallel realities in the hope of reuniting with his family, tragically lost to him years earlier. The more he messes with the timeline, though, the more chaotic the effects and the more our new, trainee, ""Spider-Man"" meets his equivalents from those different dimensions. It isn't long before they conclude that only as a team can they hope to thwart the megalomaniac and young ""Miles"" must find new inner strength to take charge of this mission to ensure all his colleagues get safely home. It's a good, characterful, story this - the youngster finding his feet and learning to use his new-found skills is entertaining to watch. The dialogue is frequently quite amusing, and the action scenes hold the attention rather than recycle themselves endlessly. As I watched it, I wondered if it might have made for a good exercise for 3D cinema. As it is, though, it's quickly paced with plenty of action, a little food-for-thought and it might just be the most ""human"" of the Spidey iterations I've yet seen.",2022-10-24,1418
324857,Spider-Man: Into the Spider-Verse,2018-12-06,Spider-Man,63c1ed0223be46007cbabfce,"I'll be upfront, I'm giving this 1 star because of the treatment of Peter Parker.

They didn't do the Andrew Garfield thing and turn him into a bully. But they did do that Modern Marvel Comics thing and turn him into an idiot screw-up in an effort to alienate the fans and somehow make Miles better by mocking Peter.

And I'm not a fan of that. Parker is a dork, he's got a smart mouth...but he's really smart, a genius, totally heroic, and well, the call him ""The Friendly Neighborhood Spider-Man"" for a reason. He cares, specifically he cares about the average working schulb.

This kind of just took Peter Parker and almost mocked him and, honestly, I can't get behind that. i couldn't get behind it when they turned him into a bully in the Garfield movies, and I don't care for it when they mock him here.",2023-01-13,1499
324857,Spider-Man: Into the Spider-Verse,2018-12-06,Spider-Man,65e0e6d9a806730161a89039,too much unnecessary chaos,2024-02-29,1911
569094,Spider-Man: Across the Spider-Verse,2023-05-31,Spider-Man,647760aad3719700f9cad266,"Life as a teenager is never easy and when you are gifted with the superhuman abilities of a spider and lead a double life as a student and crime fighter; life gets even harder.

Miles Morales (Shameik Moore) is finding it even harder to hide his secret from his family who has grown concerned that his erratic behavior is more than the usual teenage angst.

In another earth, Gwen Stacy (Hailee Steinfeld) deals with her Police officer father desperately hunting down her alter-ego believing that she is a killer which drives a wedge between them as Gwen desperately tries to find her way forward.

In “Spider-Man Across the Spider-Verse audiences learn that what one perceives as reality is often just the corner of a much larger picture and when Miles confronts what he dismisses as a “Villain of the Week” in a quirky enemy known as The Spot (Jason Schwartzman), starts a campaign against Spider-Man, he soon finds that the threat is much larger than he expected and secretly follows a visiting Gwen into an another Earth where his actions soon draw the attention of a larger temporal Spider squad.

Motivated by his feelings for Gwen and a desire to do good, Miles looks to undo the damage that the Spot is causing across various Earths and learns that each one has its own version of Spider-man or Woman to protect it.

At this point the film goes into overdrive as Miles learns more about his past and how he became Spider-Man but also learns more about the cost that his powers enact on his life and those around him. There are plenty of special moments and guest appearances that follow from the more obscure to the mainstream and the range of emotions from the audience at the press screening as they reacted to the film showed they were deeply engaged and loving it.

The film does take a darker turn and does end in a cliffhanger which sets up the next film very well but also may be a bit darker than younger viewers might want. That being said; I enjoyed this film far more than I did the prior film. I found the animation style a bit off-putting as the jerky way the characters moved was a bit much over the length of a feature film. This time around there is a mix of animation styles throughout and at times in the same frame which may be a bit hard for some as the film does come at the viewer with waves of flashing lights, sounds, and animations that very cleverly mimic reading a comic complete with small boxes to define various characters from time to time.

The film runs nearly two and a half hours and did seem to go on a bit long at times but thanks to the great voice-acting and strong cast as well as engaging storyline I found myself eagerly looking forward to the next film.

I first saw a rough cut of a scene at Cinemacon in 2022 and it was amazing seeing the final scene near the opening of the film as it was a rare instance of a film surpassing expectations and delivers the storyline and action with a good dose of solid characters that fans will love.

4.5 stars out of 5",2023-05-31,0
569094,Spider-Man: Across the Spider-Verse,2023-05-31,Spider-Man,647d1518e323f300c42a9fc3,"Sad night tonight. After 80-odd years, this was the last film to show in my local cinema before it closed down. Doubly sad because it’s also not actually very good. The conceptualisation behind the hybrid styles of animation is spectacular and executed in an highly polished fashion - as you’d expect. The story is all over the pace though, and the proliferation of Spidey’s seemed designed more to allow the narrative to become more culturally inclusive (and bankable) rather than to develop any meaningful characterisations. What personas there are spend their time wallowing in a mire of unrequited and/or confused familial love, or teenage angst more suitable in a soap. The dialogue has it’s moments - assuming you can catch it - and there’s a bit of humour to be found but I found the audio mix made following all that was said became a bit wearisome after a first hour that really does depend on your having watched (and remembering) the first - in my view far better - instalment. This whole “multiverse” theme can keep on recycling itself ad nauseam but if the writing remains at this unremarkable level then I’m not sure I’ll be bothering with the next set of repetitively set-piece adventures for “Miles” and his parents, love interest and fellow Spider-folk.",2023-06-04,4
569094,Spider-Man: Across the Spider-Verse,2023-05-31,Spider-Man,647e0f700fb39801180e8f4b,"FULL SPOILER-FREE REVIEW @ https://www.firstshowing.net/2023/review-spider-man-across-the-spider-verse-is-an-animated-work-of-art/

""Spider-Man: Across the Spider-Verse is the epitome of incredibly detailed, gorgeously unique, undeniably epic animation within its medium. Separately from enjoying this movie or not, any or all cinephiles should bow to the ridiculously talented artists and animators behind this pure work of art.

That said, the attributes and issues are more or less the same as the original. The various animation styles are overwhelmingly stunning, but also to the point of creating confusing moments. Gwen Stacy stands out from the rest of the pack – both the character and Hailee Steinfeld's voice performance – but everyone on screen is impressively captivating. The voice cast is superb all-around.

An unfinished story – remember, this is the first of two parts – about what it really means to be a hero. The 140-minute runtime isn't exactly heavy, but the necessity to resort to exposition scenes is more frequent than in the previous flick, even though the narrative complexity ends up justifying this.

A must-see movie in the cinema! Go support animation.""


Rating: A-",2023-06-05,5
569094,Spider-Man: Across the Spider-Verse,2023-05-31,Spider-Man,648238bad2b20900ca1dc5c2,"And perhaps _Beyond the Spider-Verse_ will retroactively make Across’ story more enjoyable, but for now, the franchise’s flashy visuals are fully in controls of its web-shooters.

As a stand alone feature, _Across the Spider-Verse_ is groundbreaking with its half-a-dozen animation styles and plethora of Spider-Men. The Spot is an insanely cool villain, Spider-Man 2099 is an anti-hero teetering on the verge of becoming a full-time villain, and Spider-Punk oozes overall awesomeness.

But with the film sitting at 162 minutes and a sequel on the way in less than a year, the story ultimately feels like it’s stretched beyond its means.

**Full review:** https://boundingintocomics.com/2023/06/07/spider-man-across-the-spider-verse-review-a-stunning-labyrinthine-benchmark-for-animation/",2023-06-08,8
569094,Spider-Man: Across the Spider-Verse,2023-05-31,Spider-Man,6499e4de62f3350127477b22,"I'm have tempted to give it a low score because they turned one of my favorite Spider-Man's into the nemesis. 

I don't know, but in my humble opinion, the punk Spider-Man really needed to look like Johnny Rotten, Sid Vicious, someone from the Sex Pistols. He sort of screamed them in the way he was depicted, right down to the multi-media used around him.

They really missed an opportunity for if not a great pop culture reference, but at least an in-joke for the punk community. I mean, throw us a bone here. He spent half his time mocking us anyway (in a pretty hysterical way) at least give us the laugh when they do the face reveal.

Anyway, it's not bad. Miles is less... boring in this cartoon than he is in the comics where he's developed the moniker ""Mild Morales."" He actually has more depth of character here and is forced to face some serious choices and turning points (Hey Marvel, you could learn a lesson here).

But he also took a bit of a back seat to Stacey, who seemed to be the star of the show until there was an abrupt switch... which irritated me. It sort of screamed ensemble cast, but really it just shifter from one lead to the other a bit abruptly. As far as complaints go, that's pretty bare bones.

It also gave Spidey 2099 a sort of bad spin despite being the most beloved of the 2099 line and the coolest costume design of any spider. So for us Gen-Xers, it sort of burned. At least I'm old enough to have been looking forward to his inclusion only to be a little disappointed.

And I am still very upset over how Peter is portrayed, but they are slowly redeeming his character.

Over-all though, it's not bad. It's better than just about all of the current Super-Hero movies and, honestly, it's probably the only cape franchise that people are still interested in... because it isn't totally political BS.",2023-06-26,26
569094,Spider-Man: Across the Spider-Verse,2023-05-31,Spider-Man,64a046750cb33500fe5e8b7a,"Rating: 9.5

Overall, another groundbreaking film in the franchise that only builds on everything they created in the previous film as the brilliant animation and incredible writing is used to show the audience a well-rounded story about a Spider-Man who is trying to find his place in the world, with the only major drawback of the movie being that it suffers from the flaws of it being one of two parts.",2023-07-01,31
569094,Spider-Man: Across the Spider-Verse,2023-05-31,Spider-Man,64cca1752f266b09ef121de5,"I don’t have that much to say about “Spider-Man: Across the Spider-Verse”, the sequel to the equally terrific 2018 Oscar winning film “Spider-Man: Into the Spider-Verse,” except that it’s easily one of the best films of the year. It’s the type of achievement in animation that’s not only artistically skilled but also wildly entertaining. This is one of the most perfect pieces of animated cinema in years and even better, it’s aimed squarely at more sophisticated audiences of older kids, teens, and adults.

Miles Morales (voice of Shameik Moore) is back for part two, and he’s happily fulfilling his duties as Brooklyn’s friendly neighborhood superhero. Miles finds himself joining forces with Gwen Stacy (voice of Hailee Steinfeld) and a new team of elite Spider heroes (featuring the voices of Jake Johnson, Karan Soni, Issa Rae, and others) from across the multiverse as they work together to fight off a powerful villain.

The plot is complex, but the story is terrific. The parallel universes at play don’t feel like a gimmick, and there are real stakes for every character. There are strong messages about teamwork, friendship, power, and responsibility, and it’s nice to see more female representation in a film that prides itself on diversity and inclusion. The story is a little slow at the start, but things pick up ones Miles enters the picture. His relationship with Gwen is developed extensively here, and they’re a great onscreen duo.

The film is computer-animated, and the visuals are nothing short of masterful. The animation is vibrant, skillfully executed, and absolutely stunning. This is the type of visual art that leaves your eyes begging for more. From the attention to detail to the choice of hues, there isn’t one misstep to be found.

The story, however, has a few stumbles, and most of that stems from the overly long run time (2 hours, 20 minutes), the too-insider Easter egg references for diehard comic fans, and the irritating cliffhanger ending that is so obnoxious that it almost ruins everything that came before. Thank goodness the rest of the movie is so much fun.

“Spider-Man: Across the Spider-Verse” is the type of film that proves animation isn’t just for kids, and it’s certainly not a throwaway medium that deserves to be dismissed. It’s an action-packed, visually dazzling, frentic, and outrageously fun piece of cinema. Go see it.

By: Louisa Moore",2023-08-04,65
569094,Spider-Man: Across the Spider-Verse,2023-05-31,Spider-Man,64de022bd100b614b2ef6547,Incredible non stop action movie,2023-08-17,78
569094,Spider-Man: Across the Spider-Verse,2023-05-31,Spider-Man,653295ce9ac53508763d070c,“It’s like if The Raid met Into The Spiderverse”,2023-10-20,142
569094,Spider-Man: Across the Spider-Verse,2023-05-31,Spider-Man,67c65b035b1d8d48c504d1e7,"<em>'Spider-Man: Across the Spider-Verse'</em> surpasses the original for me, though there's more to that statement than meets the eye. I watched the first film four years ago (almost to the day, weirdly) and remember enjoying but feeling a little nonplussed by it.

I think the main reason for that is that I don't have any connection or knowledge to the comics and/or the general world of these characters, therefore last time out it was a barrage of information and characters; not much of which stuck. So it makes sense why I only mildly like it.

This time, however, I did have a fair amount of fun. I had more of an interest in the characters that carried over from the 2018 flick, while the new additions worked for me too. The story does feel more conventional than previously, which is a plus to me given the aforementioned.

Other prior drawbacks were the characters of Kingpin, Green Goblin and Prowler; their designs and voices failed to hook me. Here, I did appreciate the characters away from the leads. The Spot, Hobie and Miguel are onscreen peeps that I will remember with fine fondness.

Speaking of Shameik Moore and Hailee Steinfeld, I enjoyed both. Another aspect I enjoyed was the music and, of course, the animation. I actually found myself feeling kinda hyped by the ending too, which is a positive sign for <em>'Spider-Man: Beyond the Spider-Verse'</em>.",2025-03-04,643
24428,The Avengers,2012-04-25,Avengers,4fce8f8819c29523880000de,"With a movie like this you wonder how all of the otherwise, main characters will work together and support the story.

No problems here.  While as might be expected, R. Downey Jr. comes across largely central, it is still a good mix and IMHO the best scenes in the movie involve the generated Hulk character.

With that kind of successful melding of characters, Hollywood-scale egos and even computer generated characters; you have to give it up to the writers and director to make this the successful film that it is.",2012-06-05,41
24428,The Avengers,2012-04-25,Avengers,59f29e47c3a3687126003ccd,"**A long format review from 2012**

My new favourite Marvel Cinematic Universe film, undoubtedly! Order goes thusly;

1. The Avengers
2. Iron Man
3. Thor
4. Captain America
5. Iron Man 2
6. The Incredible Hulk

I had the privilege of going to Sydney and watching this almost a full three weeks before it’s American release, in a special advance screening for fans and a handful of critics. I drove up and back on a day trip with my mate HRV, spent over $400 between us… So worth it.

I think perhaps my expectations of The Avengers were too high. In fact I know they were, even so, I feel that it almost managed to meet them. All but two of the fears I had about this epic were quashed without a doubt. I initially was worried about Mark Ruffalo helming the role of The Hulk/Bruce Banner after taking over from Edward Norton who was ousted after his first appearance. My complaints were completely unfounded however, as Mark Ruffalo presents us with an at least as good Marvel Hero. 

In terms of entertainment, The Avengers is one of the greatest feats ever produced. At the screening I went to, I actually missed more than a couple of lines due to the fact that the entire bloody cinema was in hysterics from some classic Joss Whedon (Director - Buffy, Angel, Firefly, Dollhouse) humour. The squabbles between these larger than life characters are not quite up to the peak that Jon Favreau’s Iron Man & Iron Man 2 sit on, but in terms of film in general, they are some of the better interactions I’ve ever seen.

The only weak points I really have to whinge about are both quite minor, and perhaps can be rectified in the MCU future. Firstly, Thor’s return to Earth (whilst brilliantly dramatic and pretty) was quite weak in terms of exposition. That said, this isn’t a Thor movie, so we don’t need to know everything that happens to him. Also, in next year’s Thor 2, it is very possible we’ll discover more specific details about the first few scenes of his return. Secondly, Loki’s army also came across to me quite weakly. In case we have any Marvel aficionados in the crowd, I won’t spoil it by telling you who they’re supposed to be, but in general the whole army was essentially a meat shield used to bump out scenes in which The Avengers get to kick ass. A very enjoyable part of the film, but one that doesn’t really drive the story at all.

I feel the only way I can adequately describe just how much you need to see this movie (in cinemas) is this: For those of you who understand me, you will be know and be aware of just how much I fucking hate the concept of Blu-Ray. I am going to buy a Blu-Ray player, a HD television, and Blu-Ray discs, just so that I will get more special features when The Avengers is released. Never have I even considered doing such a thing before.

The Avengers doesn’t get into your mind and rape it in the best way possible like Revolver or Donnie Darko. It doesn’t get into your guts and turn them with nostalgic violence like the brilliance in Doomsday or Outpost. It gets into your heart, and leaves you not just wanting, but needing more. Long live the MCU!

90%

-Gimly",2017-10-27,2011
24428,The Avengers,2012-04-25,Avengers,5a657f809251410b2d030491,"After the recent disappointments from Marvel, notably Thor and the abysmal second instalment of Ghost Rider, this was a pleasant experience.

The special effects are dazzling, the plot is acceptable and the heroes are not making total idiots out of themselves just because the director wanted some “depth” to their characters. Sure there is a little bickering in between them but not too much to distract from the fun.

I’ve always liked Robert Downey Jr’s portrayal of Tony Stark and his sharp tongue. I did wonder how they where going to get the Hulk in there since he’s supposed to be uncontrollable but they did it. Okay they downplayed his uncontrollability a bit but I can live with that. I absolutely loved the “puny god” scene (if you haven’t seen the film yet you’ll have to see it to know what I mean, I wont spoil it in advance).

I have to say that I found Thor himself a bit underwhelming again though. I just expect something more imposing as the good of thunder. But then I’m Scandinavian so…

Anyway, this was a great film. I enjoyed it very much.",2018-01-22,2098
24428,The Avengers,2012-04-25,Avengers,5c8426f992514127631f9b36,"One of the few movies to actually make me feel like a kid again, Joss Whedon was the perfect filmmaker to do this film. Everyone gets their time to shine. The script juggles every plot point and character moment with clarity and ease. It's funny, smart, and visually jaw dropping. Definitely lived up to the five movie hype.",2019-03-09,2509
24428,The Avengers,2012-04-25,Avengers,5cad1876c3a36812a018fc9c,"I give this 10 Stars based on it being not only better than the trailer and the hype made me thing it would be, but also that it was the first time anything the size and scope of the Marvel Cinematic universe was pulled off successfully. Having Joss direct this movie lives and dies on character interaction. This movie is on the definitive list in my opinion even just for that.",2019-04-09,2540
24428,The Avengers,2012-04-25,Avengers,5d46cf540f2fbd7864efbe30,"Everything that's happening, the things that are about to come to light, people might just need a little old fashioned.

The Avengers (AKA: Avengers Assemble) is written and directed by Joss Whedon, with Zak Penn co-writing the story. It stars Robert Downey Junior, Chris Evans, Mark Ruffalo, Chris Hemsworth, Scarlett Johansson, Jeremy Renner, Tom Hiddlestone, Clark Gregg, Samuel L. Jackson, Cobie Smulders and Stellan Skarsgard. Music is scored by Alan Silvestri and cinematography by Seamus McGarvey.

Asgardian outcast Loki (Hiddlestone) has struck a deal with the Chitauri to exchange the Tesseract for an army with which he can attack Earth and thus control it. With the Earth in mortal danger, S.H.I.E.L.D director Nick Fury (Jackson) activates the Avengers Initiative; a collection of super heroes and deadly assassins who, if they can actually come together as one united force, hold the fate of the Earth in their hands.

I have no real frame of reference with The Avengers comic book world, when I was young I read a bit of Spidey, Batman and was kind of partial to The Fantastic Four, but I really don't remember story lines and gave up reading that sort of stuff once sport and exams came into my life. I love movies and as I enter the later stages of my forties I'm pleased to say I have a wide range of film genre interests. I have very much enjoyed The Avengers solo films so far, with the exception of Iron Man 2 which quite frankly is average at best, but the reality is that if The Avengers failed as a movie, that Whedon got it so wrong, then I wouldn't be foaming at the mouth or proclaiming that the director be stripped naked and whipped around the streets of Hollywood! As it is, with one or two minor irks aside, The Avengers is about as much fun as I have had with a movie in quite a few years.

I wouldn't know if the makers got the essence right, or if the story is at one in the Marvel Avengers Universe, I just know that it is a right old blast and made a colossal amount of money at the box office, even trumping The Dark Knight Rises in that department. It's a film full of derring-do heroics, ripe witticisms, wonderfully staged action, simmering sexual tensions, ego collisions, charm, heart and splendid human interactions. It looks fabulous on Blu-ray, the art design, the colour photography and Silvestri's score rumbles like thunder and crackles like lightning, just as a super hero movie score should do. The cast performances are hugely enjoyable as they bounce off of one and other, feeding off the respective thespian energy with a knowing of the right tone to make this colourful comic book world be all that it can be. While Whedon, with a weight of expectation akin to Atlas holding the World on his shoulders, comes through with flying colours with astute pacing and an impressive marshaling of an acting army.

Flaws? Jackson's Nick Fury could have done with more screen time and Cobie Smulders is sadly short changed as well. The Chitauri are only really a threat because of their sheer numbers, not because of any great alien design, and, well, The Hulk CGI hasn't really advanced much from the 2008 version, but really these are small itches rather than big ones. Is The Avengers the best film of 2012? It will be seen as such for many fans of the source(s) who have waited with baited breath for this coming together of their heroes, and that notion really shouldn't irk the more highbrow film fans out there. Me? No it isn't the best film of 2012, but as I found my self perched on the edge of my seat as the finale unfurls in a wave of explosive heroic energy, and I caressed my ribs from laughing out loud, I knew then that undoubtedly The Avengers is the most fun film of 2012. 9/10",2019-08-04,2657
24428,The Avengers,2012-04-25,Avengers,5dc32f2f5aadc4001520e0dd,"The Avengers is a dream movie come true for superhero fans with its group of extremely talented actors and epic champions, to create an action- packed movie with hilarious banter laced in between scenes. I love how each of the actors and actresses has portrayed each of the roles they were given.",2019-11-06,2751
24428,The Avengers,2012-04-25,Avengers,5dc389f37d2bc100133d06df,"Definitely the greatest superhero movie of all time. Marvel has set the bar high with this one and so far, they're doing a good job of keeping up with that despite not being able to raise it higher!",2019-11-07,2752
24428,The Avengers,2012-04-25,Avengers,5dc3930999259c00157aa7cb,I found it creative of Marvel to introduce each character one by one. It really set the tone and had me looking forward to what's gonna happen.,2019-11-07,2752
24428,The Avengers,2012-04-25,Avengers,5dc3993d470ead00138cf1ec,Perfect casting! You can really see and feel that the actors have great chemistry both in and out of their characters.,2019-11-07,2752
24428,The Avengers,2012-04-25,Avengers,5dc56e556f8d950013c2d977,Wonderful movie to watch if you want to be entertained and not think about the plot too much.,2019-11-08,2753
24428,The Avengers,2012-04-25,Avengers,5dc579c56f8d950010c2f5c5,"When you have a bunch of flashy superheroes fighting supernatural, extraterrestrial villains from another dimension, it can get pretty hard to highlight each of their strengths,  but Marvel pulled it off with this one!",2019-11-08,2753
24428,The Avengers,2012-04-25,Avengers,5e00ee5565686e0013987f15,I tried my best to avoid getting carried away by the hype of this movie because nowadays most of the movies that are too much hyped end up just being disappointments but I'm glad to say that I WAS NOT DISAPPOINTED when this came out.,2019-12-23,2798
24428,The Avengers,2012-04-25,Avengers,5e0102250284200014af5898,One word for this movie: AWESOME. It’s an amazing film and has everything a superhero fanboy hoped for and more.,2019-12-23,2798
24428,The Avengers,2012-04-25,Avengers,5e011ac665686e0018983449,One of the many things I loved in this film was the conflict between Iron Man and Captain America for leadership and how the two differ in their approach. A very unique way of building a team of superheroes.,2019-12-23,2798
24428,The Avengers,2012-04-25,Avengers,5e02862b26dac10012674852,The cast really delivered. Sure they were playing the roles of superheroes but you can really see and feel a deeper level of emotions in their performance.,2019-12-24,2799
24428,The Avengers,2012-04-25,Avengers,5e08f6e5a1c59d0018aac032,Kudos to the fight choreographers who designed all the action sequences for this movie. They really did a good one!,2019-12-29,2804
24428,The Avengers,2012-04-25,Avengers,5e091b9d5ff34e0013b9ce5f,"If you haven't seen this film yet, do yourself a favor and remain unspoiled. This is one of the movies that need to be savored.",2019-12-29,2804
24428,The Avengers,2012-04-25,Avengers,5e09b284383df20018b90384,Good fighting sequences but camerawork feels too crazy and made it quite difficult to fully enjoy the great choreography.,2019-12-30,2805
24428,The Avengers,2012-04-25,Avengers,5e09b5c86d97e600173c5508,I thought I would be able to enjoy it upon hearing that it was gonna be 3 hours long but it turned out to be too much. Watching it felt like a drag and was too melo-dramatic for a superhero film.,2019-12-30,2805
24428,The Avengers,2012-04-25,Avengers,5e0e0c41fd4f8000155f3cf4,It was a great idea to bring together this group of amazing superheroes and at the same time amazing actors to create a top-class superhero film.,2020-01-02,2808
24428,The Avengers,2012-04-25,Avengers,5e0e160b6dc6c000134d1fa6,I appreciate how they made sure to introduce each character before bringing them together for an epic fight to defend the Earth. It gives much more depth to each superhero.,2020-01-02,2808
24428,The Avengers,2012-04-25,Avengers,5e0e200d12c60400143fa896,"I gotta admit I was not ready for all that shaky-cam action. I mean, you could clearly see that the choreography for the fight scenes was good enough for a superhero movie, but why did you have to add so much shaking and cutscenes?",2020-01-02,2808
24428,The Avengers,2012-04-25,Avengers,5e0e29dc6dc6c000154cd86b,I'm not exaggerating when I say that this is the best superhero film of all time!,2020-01-02,2808
24428,The Avengers,2012-04-25,Avengers,5e0e4062c2f44b0013301af8,"The title says it all, you will really MARVEL at the awesomeness of this film. Where else can you find a film with more superheroes than you can imagine working together to save the Earth?",2020-01-02,2808
24428,The Avengers,2012-04-25,Avengers,5e0e528712c6040017401e24,Marvel really outdid themselves on this one. This is one of their greatest works to date and only a handful of films can compare to this one - and all of them have mostly been Marvel too!,2020-01-02,2808
24428,The Avengers,2012-04-25,Avengers,5e0f03159f37b00015561eb1,Are you a fan of epic adventure movies? Then this is your dream come true! Truly this is the ultimate superhero mash-up and it's executed perfectly. Props to the filmmakers for taking the time to design it to be more than just a superhero film packed with action scenes and adding depth to each character.,2020-01-03,2809
24428,The Avengers,2012-04-25,Avengers,5e0f2bcf663b8700177ef84f,"More than just a superhero film, this movie had a definite soul and smart plot as well. It's a guarantee that superhero fans will love it but at the same time, other, more common, moviegoers will find it entertaining too.,",2020-01-03,2809
24428,The Avengers,2012-04-25,Avengers,5e104c6cd64ac20018608071,The best thing about this movie is that it gave each superhero their own unique way of contributing to the team. It wasn't just another film wherein there's one superhero that stands out among the rest while the rest got overshadowed by this main character.,2020-01-04,2810
24428,The Avengers,2012-04-25,Avengers,5e1210fae78e2d0017768edd,Stan Lee cameos are the best! It's too bad he won't be around to do that now. It was one of the things I looked forward to in each of the Marvel movies.,2020-01-05,2811
24428,The Avengers,2012-04-25,Avengers,5e1244e15907de0017de881d,This is not a good movie... It's a GREAT MOVIE! Filmmakers did an awesome job taking the storyline from the comic books and making sure that most of it was kept.,2020-01-05,2811
24428,The Avengers,2012-04-25,Avengers,5e125949d64ac2001864cba3,"Superhero with not only super-awesome heroes but superb script as well. For an action adventure film, the writing is extremely detailed and that's what appealed to me the most.",2020-01-05,2811
24428,The Avengers,2012-04-25,Avengers,5e12c5af9020120013b74f2e,I don't think Marvel could've found a better cast that could've played the characters!,2020-01-06,2812
24428,The Avengers,2012-04-25,Avengers,5e12c9c68741c400123d9d8a,"If you're a comic book fan like me, you'd understand that usually, superhero storylines adapt a more straight, serious tone, but with the Avengers you have the great storyline of a superhero film and the comedic relief of banter.",2020-01-06,2812
24428,The Avengers,2012-04-25,Avengers,5e12cdc25907de0012deea04,The incredible mix of superheroes together with their personalities and powers is a guarantee to impress any sort of audience.,2020-01-06,2812
24428,The Avengers,2012-04-25,Avengers,5e12d1cafc5f06001590b427,"Count on the Avengers to make man-tights and capes look more fashionable than ever! With incredible fight choreography, it's hard not to be impressed.",2020-01-06,2812
24428,The Avengers,2012-04-25,Avengers,5e20d3be8f26bc001171c86e,"It takes more than just great actors to make a successful film so for the people behind the curtains making everything even more awesome, I want to give my thanks for blessing us with this masterpiece of a film!",2020-01-16,2822
24428,The Avengers,2012-04-25,Avengers,5e20ddf38f26bc001571bb9e,"When you have an amazing team of actors with great chemistry both on and off screen, a team of directors who are passionate about what they do, and a production crew that's always coming up with new ways to reinvent the superhero genre, then you've got a successful film like this.",2020-01-16,2822
24428,The Avengers,2012-04-25,Avengers,5eddc7268d52c90022a60a4b,"Probably only my third time watching and still a really entertaining action film with good banter amongst the Avengers and the team-up in the third act really work well. The whole banding together with the death of Agent Coulson still doesn't feel right, good character but didn't think he was so beloved to be a catalyst for them. Minor point just something that stood out then, and now. Also a bit hollow given, IIRC, was alive and well for the Agents of SHIELD TV series... **4.25/5**",2020-06-08,2966
24428,The Avengers,2012-04-25,Avengers,600233081c635b0055ef5f7e,"The last hour is a lot of fun, but I found the opening chunk disappointing.

I was expecting wall-to-wall action, pretty much from the start - especially given the forces that join together. However, I felt the first half of <em>'The Avengers'</em> as slow. What also didn't help is that the villain, carried over from a preceding MCU film, isn't super interesting - we also don't see the antagonist's earlier film counterpart for a fair few scenes, which felt too delayed.

The last half is much better, which allowed me to enjoy myself properly. Robert Downey Jr., while not as entertaining as he is on his own, brings goodness, as do the likes of Chris Evans and Chris Hemsworth.

I'm not a big fan of recasts, though Mark Ruffalo as Hulk is a positive one; even if that took a bit away from the novelty of all the superheroes joining, given we hadn't seen Ruffalo himself before. Added to Scarlett Johansson's Black Widow, at least in terms of the film franchise, getting major screen time out of nowhere - having been a bit part character in her debut MCU appearance.

The music is noteworthy, while everything looks brilliant. Overall and in short: It's a fun, good action film - I just expected greater.",2021-01-16,3188
24428,The Avengers,2012-04-25,Avengers,66655f970c266f93b21379cc,"I have to say that the furore surrounding this film had pretty much doomed it to failure in my book. The Marvel marketing machine had gone into over-drive plugging it, so no way could it be any good. Well, it is good. Not great, but it is good. The compendium element of the storyline pits all of the superheroes against the mischievous ""Loki"" (a cute, curly haired, Tom Hiddleston) whom, together with his army of extraterrestrial henchmen, is bent on taking over the world... well, of course he is... The writing is nothing special at all, but who cares? The visual effects are great and each of the characters gets their moment in the sun as they work to thwart our Tom's even plotting. Robert Downey Jr. Steals the show as engineering genius ""Tony Stark"" with Scareltt Johansson and Chris Hemsworth - and his trusty hammer - on great form too. I'm afraid I find the whole ""Capt. America"" character so nauseatingly wholesome that even Chris Evans in his spray-on lycra cannot do anything other than put me firmly in the baddies camp right from the get-go. On the downside, Mark Ruffalo tries hard with the rather limited opportunities offered him as the rather dull ""Hulk"", and Clark Gregg continues to prove he must be one of the luckiest actors alive to have alighted on this franchise - he is hopelessly wooden as ""Coulson"" but as a piece of fast-paced fantasy entertainment this film takes some beating (""Star Wars"" notwithstanding). It is too long - the fight/chase scenes can get a tad recycled and repetitive after a while but it all builds well to a fitting crescendo that did make me wonder whether the impeding alien invasion may have ended up causing less damage than the saviours of mankind did! No point watching if you're not up for a complete suspension of reality - this is a top class adventure with loads of quirky characters, a bit of humour, plenty of fisticuffs and even a bit of Schubert!! Great stuff!",2024-06-09,4428
99861,Avengers: Age of Ultron,2015-04-22,Avengers,56351986c3a3681b59017d48,There is a lot going on in this movie but it all just seemed kind of pointless and dull to me. Every now and then there would be a good scene or piece of dialogue but for the most part I felt myself getting bored and reaching for my phone to play Cribbage. I guess what I didn't like most is that it all felt like a big filler episode instead of an action packed character driven story arc.,2015-10-31,192
99861,Avengers: Age of Ultron,2015-04-22,Avengers,5804e364c3a3686a3400000e,"Action, good Fx and a ""not-completely-absurd"" story. The actors perform well and you can identify them very well with their characters ... but it is all old and without imagination.

I suppose nobody was expecting anything else, though ...",2016-10-17,544
99861,Avengers: Age of Ultron,2015-04-22,Avengers,5a66d16ec3a3680cfb006191,"This is another one of those movies that you watch primarily for the special effects with you favourite super heroes slugging it out. It is a classical Hollywood product where the story is mostly there just as a vehicle for allowing the special effects team to do their business. As such it is a success.

The movie starts of with a display of action and the afore mentioned special effects with an attack by the Avengers on a bad guy stronghold. Not surprisingly the events sows the seeds for things to come.

The movie starts off with quite an interesting story idea with the activation of Ultron. However, once he materializes as a physical entity, it became a bit of seen that, been there and done that. Ultron just turns into yet another “standard” comic book villain a’ la Megatron running around trying to look intimidating while implementing his diabolical scheme. Okay, there was a bit of originality here and there but with the good start I kind of expected a wee bit more.

Having said that, the movie does indeed fulfil its purpose of showing off a bunch of super heroes slugging it out in a flurry of special effects and, although the story idea was perhaps not used as intelligently as I had hoped, it is not bad (for this kind of movie of course) and hangs together pretty okay. Sure, it is somewhat contrived and the means by which Ultron tries to exterminate humanity is overly complicated but it is still a decent story.

Overall the movie was entertaining and provided the necessary special effects and super hero fix for those who are inclined to enjoy those kind of movies. I certainly am and, not surprisingly, the kids liked it as well.",2018-01-23,1007
99861,Avengers: Age of Ultron,2015-04-22,Avengers,5b1678d7c3a3685352018aad,"**A long form review originally posted in 2015:**

I’ve just returned from two back-to-back viewings of _Avengers: Age of Ultron_, and I do not regret one bit going in for that second helping.

I lost my steam on the _Age of Ultron_ wagon at a very inopportune moment. About three days before it came out. I was so heavily anticipating it for such a long time, that I was actually much more excited to see this movie when it was still two months away than I was waiting in line to get into the cinema it was playing at. The combination of the market-saturation and the fact that the _Ultron _hype-train has been running for literally years, with a first trailer dropping seven months before the damn thing came out, meant I got weary of the thing just a fraction too soon. But I’m a sucker for the MCU, and there was no way I was missing the sequel to my favourite superhero movie of all time.

I won’t harp on too much, because I don’t want to spoil anything (especially given that the movie isn’t even out in most parts of the world), I will put out a spoilertalk on this blog at some point down the line, but for now just let me leave you with a couple of quick thoughts.

_Age of Ultron_ is not the best film of all time. It’s not the best superhero film of all time, it’s not even the best MCU film. Honestly, I personally feel it’s not even the best MCU Phase 2 film. But it is still good. And that’s what’s important here. But what do I mean by that? 

Well, for starters, in and of itself, I loved it, a breach past an 80% approval rating from me is no small thing. The things we enjoyed from the first _Avengers_are here. The mesmerising action spectacles of course, but I more mean the character moments we got between the Avengers themselves, that was my favourite part of the first film and we get it here again in spades. 

Every new thing Joss has added to the plate works splendidly as well, real Hawkeye story, new heroes, a new villain, an updated world, all of these things are big ticks in lots of boxes.

So if everything from _The Avengers_ works and everything they’ve added works great too, why is _Age of Ultron_ not a perfect film? For spoiler-free purposes I will not go into detail, but that’s okay because the answer is quite simple: Everything in _Age of Ultron_ is great. It’s what’s not in _Age of Ultron_ that’s the problem.

Joss Whedon said that the film had to be cut by nearly an hour. That way you get more showings in, and that means more money. Now I’m not saying we need every minute of that hour back, but what we ended up being left with, was just enough for _Age of Ultron_ to be the _Thor: The Dark World_ of the _Avengers _franchise (it was a far superior film to _Dark World_, but hear me out). _Age of Ultron_ is little more than a holding pattern. The set-ups for future films take up too much time for the story to bear the weight of some actual story, but everything that occurs in the film itself somehow also has virtually no consequence on world it is a part of. I can’t say it more plainly than that: It’s a holding pattern. It introduces some stuff, but it doesn’t stand alone the first film did. It’s not such a big deal when the solo-movies do that (like the aforementioned _Dark World_) because we have _The Avengers_ films for those to pay off in. But when an _Avengers_ entry is just more of the same, I can’t fully get behind it.

That all said, _Age of Ultron_ is of course a lot of fun. A huge amount of fun, I can’t state that enough. And there’s literally nothing more important something in the entertainment industry can be. These are just the things holding it back from taking it up to the next level (or if I’m being completely honest, even taking it to the level the first film was at).

75%

-_Gimly_",2018-06-05,1140
99861,Avengers: Age of Ultron,2015-04-22,Avengers,5c842655c3a3684e95db3e38,"The fact that Joss Whedon was able to salvage some sort of coherent film out of all he was forced to cram into a single movie is quite commendable. But the sad fact is that Avengers: Age of Ultron is really just a run of the mill ""bad guy wants to destroy the world for reasons"" actioner that we've seen done better many times before.

Don't get me wrong. The movie's fun. The dialogue is frequently clever and humourous. And I really appreciated the quiet bits of storytelling that Whedon was able to sneak in. It's just that at the end of the day, the villain is weak sauce, there's way too much set up for other movies, and if I'm criticizing Man of Steel for having excessive destruction, I can't give Avengers a pass since they needlessly blow up not one, not two, but three cities. Pretty sure many insurance agencies went bankrupt paying out all the victims.",2019-03-09,1417
99861,Avengers: Age of Ultron,2015-04-22,Avengers,5dc32f5299259c00187a12c4,"Movie was great but felt like there was just too much action and fighting. The creativity of the choreography gets lost in the whirlwind of action and this I noticed most in Captain America's scenes. He does like a hundred different awesome things with his shield, but you don't have time to really take it in because you're already looking at Iron Man blasting 20 Ultron-bots to bits.",2019-11-06,1659
99861,Avengers: Age of Ultron,2015-04-22,Avengers,5dc389ff8d22fc00143d1db1,"This is the movie where Captain America became my favorite Avenger. Sure he doesn't have monstrous abilities like Iron Man and Hulk, but to be holding his own on the same ground as them is just a testament to how great of a hero he truly is.",2019-11-07,1660
99861,Avengers: Age of Ultron,2015-04-22,Avengers,5dc393227d2bc100133d151b,"It has become a well-known fact that coming out with a sequel that's better than, if not on par with, the first one is an insane task. But kudos to Marvel for staying true to their colors with this sequel.",2019-11-07,1660
99861,Avengers: Age of Ultron,2015-04-22,Avengers,5dc399569d89390013350f9f,I expected more from Quicksilver.  He would've been a great addition to the Avengers.,2019-11-07,1660
99861,Avengers: Age of Ultron,2015-04-22,Avengers,5dc56e74470ead00189063a7,"The thing that puzzles me is that in this film, Vision is presented to be a powerful hero, having the mind stone and all. But on the next films, he's become more of like a side character that just wasn't relevant anymore except for that little piece of stone on his forehead. Shame.",2019-11-08,1661
99861,Avengers: Age of Ultron,2015-04-22,Avengers,5dc579e46f8d950017c29a57,I'm glad to see that they found another role for Hawkeye other than being that one guy who seemed to be trying hard to keep up with the other more powerful heroes on the team. Now he's more of like the thing that keeps the team together and it suits his character well.,2019-11-08,1661
99861,Avengers: Age of Ultron,2015-04-22,Avengers,5e00ee6875110d0011d84af1,"Avengers: Age of Ultron
I liked plenty of the stuff in it but it was pretty much the same as the first movie. Still a good watch though if you're not looking for anything serious.",2019-12-23,1706
99861,Avengers: Age of Ultron,2015-04-22,Avengers,5e01023d0284200019af5170,The humor in this movie was not as witty as the first one. It felt too childish and cheesy.,2019-12-23,1706
99861,Avengers: Age of Ultron,2015-04-22,Avengers,5e011ad70284200016af7e51,"Still good, clean Avengers fun though a bit messier. The first one was still better.",2019-12-23,1706
99861,Avengers: Age of Ultron,2015-04-22,Avengers,5e02863c26dac10012674860,"With the vast array of heroes and their own personal character stories, you can expect how much of a challenge it is to bring together all these superheroes and have them work on a single mission on a single timeline. It's not easy, experts.",2019-12-24,1707
99861,Avengers: Age of Ultron,2015-04-22,Avengers,5e08fd574a2226001728f48c,I confirmed in this movie that what's really making these films successful is the chemistry that the actors have. You can really see that everyone's doing their best.,2019-12-29,1712
99861,Avengers: Age of Ultron,2015-04-22,Avengers,5e091e34a1c59d0018ab0aea,"Strong film from beginning to end. Has just enough humor, angst, and drama to make it a film worthy to be called a sequel.",2019-12-29,1712
99861,Avengers: Age of Ultron,2015-04-22,Avengers,5e09b6c91684f700159c39d1,"If you're a fan of action, suspense, and awe worthy moments, then this movie is the right fit for you! Overall outstanding performance by everyone both on and off screen.",2019-12-30,1713
99861,Avengers: Age of Ultron,2015-04-22,Avengers,5e0e0c5468b1ea00187f406e,"Despite the challenge of having to top their first Avengers film, Marvel did beautifully and the result was amazing. I hope to see more films like this in the future.",2020-01-02,1716
99861,Avengers: Age of Ultron,2015-04-22,Avengers,5e0e16226dc6c000184d0ec2,"I see a lot of negative reviews directed at the humor in this movie. All I can say is that Marvel, since the beginning, has used this same format for their movies so I don't understand why ""fans"" are now criticizing the banter.",2020-01-02,1716
99861,Avengers: Age of Ultron,2015-04-22,Avengers,5e0e201e6dc6c000154cccd7,"Compared to the first movie, this one was much more fast-paced and had more action scenes in it. We don't see a lot of character development but it's still enjoyable!",2020-01-02,1716
99861,Avengers: Age of Ultron,2015-04-22,Avengers,5e0e29f168b1ea00137fc3d3,"Everyone else saying that there's not enough character development for the superheroes in this movie needs to remember the solo films for Iron Man, Captain America, and Thor. Do you want character development? Go watch those movies.",2020-01-02,1716
99861,Avengers: Age of Ultron,2015-04-22,Avengers,5e0e408612c60400174007c7,I'm happy Marvel gave Black Widow and Hawkeye the spotlight more on this film. They needed the extra character development because the other three main heroes all had solo films to help them out.,2020-01-02,1716
99861,Avengers: Age of Ultron,2015-04-22,Avengers,5e0e529868b1ea00187f9d59,"This was clearly a level-up from their first film. Although much more action-oriented, the production value still screams Marvel and what I liked most is the refinement of the collaborative action scenes.",2020-01-02,1716
99861,Avengers: Age of Ultron,2015-04-22,Avengers,5e0f07e95907de0012d74f33,Not as good as the first one... because it's BETTER! Marvel really knows how to make it work and they're at the top of their game right now.,2020-01-03,1717
99861,Avengers: Age of Ultron,2015-04-22,Avengers,5e0f2e39663b8700137ed8c1,"Plot line is far from the cliche superhero story. Scriptwriters did a great job inserting that original, witty Marvel humor in between scenes to dispel some of the seriousness that's usually accompanied in these types of films.",2020-01-03,1717
99861,Avengers: Age of Ultron,2015-04-22,Avengers,5e104eba5907de0014da1425,Both Robert Downey Jr and Chris Evans really solidified their roles as the main Avengers in this film. Would love to see more of them!,2020-01-04,1718
99861,Avengers: Age of Ultron,2015-04-22,Avengers,5e1212979020120013b5c9b7,Man this movie really got me hooked and now I'm part of the Avengers bandwagon. Count me in on whatever nerdy stuff you guys do.,2020-01-05,1719
99861,Avengers: Age of Ultron,2015-04-22,Avengers,5e124864fc5f0600178f7778,Marvel is dominating the superhero film genre and it looks like they'll be sitting on the throne for years to come. How they make it work even with the huge amount of heroes they have is impressive. Hopefully this doesn't backfire anytime soon.,2020-01-05,1719
99861,Avengers: Age of Ultron,2015-04-22,Avengers,5e125a5a5907de0017deaaad,"If you read the comics, you'll see that this isn't just another direct copy and paste of the storyline. Marvel is great enough to make some changes.",2020-01-05,1719
99861,Avengers: Age of Ultron,2015-04-22,Avengers,5e12c5cad64ac2001865d284,"Solid choreography and the storyline was pretty decent. I personally liked the first film better but this is still a good, fun watch.",2020-01-06,1720
99861,Avengers: Age of Ultron,2015-04-22,Avengers,5e12c9ddd64ac20016653377,The only reason I can think of why someone would not like this movie is because they either have not seen the other films Marvel has released or they just don't understand how Marvel creates a film.,2020-01-06,1720
99861,Avengers: Age of Ultron,2015-04-22,Avengers,5e12cdd7d64ac2001465016f,I found the writing in this film to be witty and sharp. The humor was on point and I laughed way more than I should.,2020-01-06,1720
99861,Avengers: Age of Ultron,2015-04-22,Avengers,5e12d1dc5907de0014dec438,"Compared to the first Avengers, there's a lot of things that they improved on in this film. From the storytelling, to the much more defined fight choreography, it's definitely a step-up from the previous one.",2020-01-06,1720
99861,Avengers: Age of Ultron,2015-04-22,Avengers,5e20d56f8f26bc001371c649,Don't be brainwashed. This is just a remix of the first Avenger movie. Nothing new here except for the new heroes but plot-wise it's pretty much the same thing.,2020-01-16,1730
99861,Avengers: Age of Ultron,2015-04-22,Avengers,5e20dedc397df000129666b8,It's just what I feared. Marvel has gotten so caught up in making sure that each character gets some action time that there's no room now for character development. They need to tone it down a bit.,2020-01-16,1730
99861,Avengers: Age of Ultron,2015-04-22,Avengers,5ef819bba284eb00398dc810,"Third viewing of this and while not the strongest within the MCU, or of the other Avenger movies, still has some good parts (introduction to Elizabeth Olsen's Scarlet Witch and Paul Bettany's Vision; further setting into motion the infinity stones, New Avengers, etc) while the plot as a whole felt messy at times. Still, found it entertaining especially seeing where the MCU was going since. **3.5/5**",2020-06-28,1894
99861,Avengers: Age of Ultron,2015-04-22,Avengers,600616349a358d0040c2ecad,"Cool seeing them all together again, even if I didn't massively enjoy it. It's good, nothing more or less in my opinion.

<em>'Avengers: Age of Ultron'</em> isn't too far off 2012's <em>'The Avengers'</em>, especially in terms of how I fell about it. I definitely wanted more from both, yet they are still satisfying superhero action flicks. I'd rank this narrowly below the aforementioned.

Robert Downey Jr. felt a little flat to me as Iron Man - he still has a decent amount of moments, just not as many as you get in his individual films. All the others continue to entertain to an equally suitable level, I didn't overly like the characters of Aaron Taylor-Johnson and Elizabeth Olsen but I also don't have any noteworthy negatives about them. The story between Scarlett Johansson and Mark Ruffalo didn't do much for me either.

With that noted, it is still an enjoyable ride through the 141 minute run time. The ending is intriguing, interested to see where that goes - I have a minor inkling about the mid-credits scene, given all the internet attention that has had - even for someone like me who knows very little overall.",2021-01-18,2098
99861,Avengers: Age of Ultron,2015-04-22,Avengers,66655f1fda54eafc814dc76b,"This is not a bad follow up to the first film. ""Stark"" (Robert Downey Jnr.) and ""Banner/Hulk"" (Mark Ruffalo) have a grand design to create a computer programme that will ensure peace on Earth for ever. Snag is, that programme hoodwinks ""Jarvis"" as well as both of them and turns into the rather menacing James Spader iteration of ""Ultron"" (yes, I too thought that was a detergent!). Anyway, ""Ultron"" concludes, not entirely unreasonably, that peace on Earth might be more attainable if mankind were actually to be the beings eradicated, so he sets about creating the ultimate vibranium-based weapon to accomplish this most dastardly of deeds. ""Stark"" must now rally the ""Avengers"" to thwart this plan - but can they combat the seemingly insurmountable odds and rescue mankind from oblivion? The usual suspects now congregate and using their combined strength and ingenuity take on their metallic foe and his equally lethal army of minions. My favourite has to be the cute and extremely nimble ""Pietro Maximoff"" (Aaron Taylor-Johnson) but there are plenty of decent efforts here that give the film a collegiate feel to it. There are a lot of characters, but for the most part Joss Whedon keeps them rowing in the same direction. The dialogue is poor, though - and I found that the robotic nature of their enemy robbed the film of much of it's mythological and characterful style, replacing it with frequently over-long fight scenes that seem to wreak havoc on everyone and everything except those actually fighting. Spader has some good lines to deliver, as does Chris Hemsworth's ""Thor"", but oddly the two leading characters - ""Stark"" and Chris Evans' far too goody-goody ""Capt. America"" proved to be much less effective here than before, as did Scarlett Johansson's pretty underused ""Natasha"". Still, for the most part this long, colourful, action epic flows well and proves to be an enjoyable big screen experience.",2024-06-09,3336
99861,Avengers: Age of Ultron,2015-04-22,Avengers,6a90ba9f5802f4515d84b4db,"***Quality Superhero team flick, actually better than the first one***

The first movie from 2012 was so overhyped it was almost impossible NOT to be let down a little. It started good, but the set-up went on &amp; on and wasn't overly absorbing. Plus, way too much time was spent on the SHIELD heli-carrier, which created a somewhat one-dimensional vibe. Lastly, although Loki was a worthy villain, his army of Chitauri were stereotypically ee-vil, faceless enemies who were basically just canon-fodder for the Avengers.

I like this one better because the ""origin"" element is out of the way and the setting isn't one-dimensional. There are numerous locations (England, Seoul, Bangladesh, South Africa and Italy), and additional characters like Quicksilver (Aaron Taylor-Johnson) and Scarlet Witch (Elizabeth Olsen). Ultron (voiced by James Spader) makes for a worthy villain and is superior to the (IMHO) boring character in the comics. Meanwhile, the over-the-top action sequences are balanced out by quality character bits, like the Black Widow/Hulk/Banner relationship. Furthermore, the third act delivers with the requisite Earth-threatening crisis.

Olsen obviously gained a little weight for the role of Scarlet Witch and looks great. She has a striking face and is quite a convincing actress. Taylor-Johnson is fine as Quicksilver, but I can't help wondering why they didn't use Evan Peters, who played the character in ""X-Men: Days of Future Past” from the year prior.

There are so many quality superhero movies at this point that another one is pretty much just more of the same. So ""Avengers 2"" creates a bit of a ""been-there-done-that"" vibe, but it's well done for what it is. What makes me grant it a fairly high rating, besides the positives already noted, are a couple of moving parts. I’m talking about the subplot concerning Thor's hammer, Mjolnir, and the revelation of another character in second half that I wasn't expecting, which elicits a ‘Wow’ reaction if you're familiar with the comics; and even more so when you observe the tie-in to the aforementioned hammer.

Lastly, there's a lot to take in with ""Avengers 2,"" which makes it worthy of repeat viewings.

It runs 2h 21m.

GRADE: A-/B+",2026-08-27,4145
299536,Avengers: Infinity War,2018-04-25,Avengers,5adff809c3a3683daa00ad3d,"""It is a bold undertaking, to readjust what is expected of the MCU/Avengers formula, and there are moments when the sheer scale and momentum match the narrative ambition...""

Read the full review here: http://screen-space.squarespace.com/reviews/2018/4/25/avengers-infinity-war.html",2018-04-25,0
299536,Avengers: Infinity War,2018-04-25,Avengers,5ae02e1e0e0a26156900f6da,"Amazing.  Visually stunning.  So much going on, but somehow also clear and easy to understand.  A little flabby in the middle third, but given the huge cast and story to cover it is very understandable.  The highlight was the parings of characters from different stories and their interactions.

If you aren't a Marvel fan this film won't convert you, but if you have liked any of the previous films you will like this too.

10/10",2018-04-25,0
299536,Avengers: Infinity War,2018-04-25,Avengers,5ae0a3d20e0a26156301455e,"Just a very short, NO SPOILERS review I wanted to get down while it's still fresh.

For a movie with this much riding it, to come out not feeling disappointed, is a **massive** achievement. While I absolutely do love it I had some things that I felt were maybe imperfect about _Infinity War_, but my biggest concern was that it seemed like it would be absolutely meaningless to somebody who didn't put in the effort of watching the 18 movies leading up to it. You can probably assuage that fear though, because I went to see it with two people who had only seen _Black Panther_ at this point, and they both loved it, with minimal confusion.

Personally? I can't wait to see it again. This is probably the most excited I've been about the second watch of an MCU film since the first _Avengers_.

_Final rating:★★★★ - Very strong appeal. A personal favourite._",2018-04-25,0
299536,Avengers: Infinity War,2018-04-25,Avengers,5ae4205b0e0a266c71003206,"The third act turns on a character being an idiot. That story beat renders all that the heroes do before and after it immaterial. That moment so preoccupied me that I couldn't enjoy the rest of the story, and made it impossible to ignore the flick's other glaring flaws anymore: the villain's motive makes no sense, the glove exists only to produce plot contrivances, the score is so obvious it might as well be cue cards on screen (""Feel sad now"") ...

The first half is some of the best action in a Disney Marvel entry yet, and the other half is so stupid that it sours the whole MCU experience.",2018-04-28,3
299536,Avengers: Infinity War,2018-04-25,Avengers,5ae77ce60e0a262b9700a2df,"Best MCU movie, more than that.... BEST SUPERHERO MOVIE EVER. Hands Down",2018-04-30,5
299536,Avengers: Infinity War,2018-04-25,Avengers,5ae85089c3a368134801a38e,Nice Movie.,2018-05-01,6
299536,Avengers: Infinity War,2018-04-25,Avengers,5ae866939251410cdc016c31,"Massive, epic movie. I'm so happy that Marvel is stepping up their game with their villains. For too long, MCU villains have been too bland and generic. But lately, the villains have improved with Michael Keaton's Vulture, Michael B. Jordan's Killmonger, and now James Brolin's Thanos. Thanos has appeared in several other MCU films, but he seemed rather flat in those movies. Here, he's allowed to be fully developed as a character. Especially touching is his relationship with his adoptive daughter, Gamora. It's actually surprisingly tender and moving. Thanos is the actual main focus of the film, and if he failed as a character, the entire movie wouldn't have worked. So bravo, Marvel!",2018-05-01,6
299536,Avengers: Infinity War,2018-04-25,Avengers,5b043a7a0e0a2623ec029554,Best Movie Ever...,2018-05-22,27
299536,Avengers: Infinity War,2018-04-25,Avengers,5b3a6dfcc3a36845b800feee,"***Moving ending, but the least of the Avengers movies IMHO***

RELEASED IN 2018 and directed by Anthony & Joe Russo, ""Avengers: Infinity War"" chronicles events when the Avengers team-up with several allies to defeat the cosmic despot Thanos, whose goal is to collect all six Infinity Stones to attain unimaginable power and radically solve one of the Universe's most challenging problems.

The story focuses on Thanos, Thor and the Guardians of the Galaxy, especially Gamora, as well as Iron Man, Doctor Strange and Spider-Man. The rest of the cast members are more peripheral, e.g. Black Widow, Captain America, Black Panther, Vision and Scarlet Witch.

This is easily the least of the Avengers trilogy. Not to mention ""Captain America: Civil War"" (2016) and ""Thor: Ragnarok"" (2017) are significantly more compelling and all-around entertaining. Actually, all three Thor flicks are palpably superior, as is ""Iron Man 2"" (2010). If you haven't already, I encourage you to watch these movies prior to viewing ""Infinity War,"" as well as ""Black Panther"" (2018) and the two ""Guardians of the Galaxy"" flicks (2014/2017); otherwise you'll likely be lost because all these movies lead up to this one.

""Infinity War"" is certainly an ambitious comic book movie in that it notably juggles so many super-beings, but this lack of focus isn't conducive to suspense or great drama. It's merely decent with overkill CGI. The big battle in the closing act with the easily slaughtered four-armed dog-creatures is curiously dull; moreover, the attempts at humor sometimes feel forced and fall flat, but several jokes are laugh-out-loud funny, e.g. ""Rabbit."" Thankfully, the film adds moving drama and gets extra points for a bold, poignant climax, which sets up the 2019 sequel ""Endgame.""

THE MOVIE RUNS 2 hours, 29 minute and was shot in New York City, Scotland and Philippines with studio work done in Pinewood Atlanta Studios in Fayetteville, Georgia. WRITERS: Christopher Markus and Stephen McFeely.

GRADE: B-",2018-07-02,68
299536,Avengers: Infinity War,2018-04-25,Avengers,5b72ec050e0a267ef11b5f8c,I Love this movie.,2018-08-14,111
299536,Avengers: Infinity War,2018-04-25,Avengers,5b97fa459251413c68000753,It's the epitome of superhero trash and the franchise of manchildren.  The ultimate smashing your toys together to battle only this time it's for the world to see.,2018-09-11,139
299536,Avengers: Infinity War,2018-04-25,Avengers,5c8425420e0a26430a636548,"In 2012, Marvel Studios changed the cinematic landscape with a payoff that was five films in the making, proving a linked universe of movies could work.
In 2014, they proved to be one of the finest purveyors of entertainment by releasing two of the best genre films of all time back to back.
In 2018, Avengers: Infinity War is the culmination of ten years of narrative buildup. All the pieces were patiently put in place. The payoff? Never did my inner 8 year old think he would ever be watching a movie with Iron Man and Spider-Man sharing the same screen together, but here we are. Avengers: Infinity War is a very fine piece of 'turn your brain off' storytelling, except it actually goes the extra mile to have some intelligence.

We all know the film isn't the Endgame, but we're primed and ready for Part 2. Shut up and take my 💰 Marvel!",2019-03-09,318
299536,Avengers: Infinity War,2018-04-25,Avengers,5e05aa094c1d9a0019dd7bca,One of the best Marvel Movies!,2019-12-27,611
299536,Avengers: Infinity War,2018-04-25,Avengers,5e20f463397df000149688a3,Josh Brolin portrayed Thanos really beautiful. He was an amazing villain that kept all the Avengers on their edge and made them think it was a bit hopeless to really go against him.,2020-01-16,631
299536,Avengers: Infinity War,2018-04-25,Avengers,5e21db442811a10015a1eb92,"This is a blast of a Marvel movie and I can't wait to see what will happen next. You are clueless and you don’t know what will happen, keeping us all on the edge of our seats. Fascinating!",2020-01-17,632
299536,Avengers: Infinity War,2018-04-25,Avengers,5e24a3f25ed8e900136086cd,"Here we are 10 years later with one of the most anticipated movies of all time! The CGI was much better, the story was better...everything about the Infinity War was great!",2020-01-19,634
299536,Avengers: Infinity War,2018-04-25,Avengers,5e24ab72a894d600123a5194,It is unlike anything ever done in the history of cinema. This one is masterfully woven from the culmination of Marvel movies throughout the years. Truly amazing!,2020-01-19,634
299536,Avengers: Infinity War,2018-04-25,Avengers,5e24b4a2a894d600123a5d05,"The character development for Thanos was so good that it made me think that maybe he was right. He was the villain that surpassed all the other villains from the past Marvel movies. Trust me, this is the movie that might have changed the MCU.",2020-01-19,634
299536,Avengers: Infinity War,2018-04-25,Avengers,5e24bace1dcb770012ca1ac8,"GOOSEBUMPS! Infinity War is worth watching. The usual comedic banter between the casts, the awesome CGI, amazing plotline, the results did not disappoint.",2020-01-19,634
299536,Avengers: Infinity War,2018-04-25,Avengers,5e24c482a894d600123a7538,"Avengers: Infinity War was clearly much better than Avengers: Endgame in the sense that 1) it was better in terms of writing, 2) it is the true culmination of an entire decade of MCU films, and 3) Endgame gave me more questions than answers.",2020-01-19,634
299536,Avengers: Infinity War,2018-04-25,Avengers,5e24ca861bf2660012fbb79a,"Excellent film! The Russo brothers really did a great job in making this movie, an epic conclusion to the first decade of MCU.",2020-01-19,634
299536,Avengers: Infinity War,2018-04-25,Avengers,5e24d052a894d600153a8bd4,"This movie has clearly a much darker tone than the previous ones, but that is what makes it more special. Really cool action scenes with occasional humor made it stand out more.",2020-01-19,634
299536,Avengers: Infinity War,2018-04-25,Avengers,5e259f0e21c4ca0015f897f3,"Infinity War went above my expectations. I thought it would be more mediocre, but in the end, I can say that the whole movie was breathtaking and definitely lived up to its hype.",2020-01-20,635
299536,Avengers: Infinity War,2018-04-25,Avengers,5e26fe2ced2ac2001539b57f,"The crossover no one expected but everyone loved. Honestly, what made this movie truly spectacular and unique was the writing and the pacing which will keep you wanting more.",2020-01-21,636
299536,Avengers: Infinity War,2018-04-25,Avengers,5e270e13c68b6900143dc697,Death flags everywhere. The Russo brothers did a great job of making this movie a great one.,2020-01-21,636
299536,Avengers: Infinity War,2018-04-25,Avengers,5e2907a59638640019ab382a,"This is a lot to take in one sitting. This movie was so jam-packed with story, dialogue, and events that calling it a movie might be an understatement.",2020-01-23,638
299536,Avengers: Infinity War,2018-04-25,Avengers,5e29131d98f1f1000ff56a20,"Thanos was on a mission, and it was a terrifying one. The way Josh Brolin carried the Thanos character made the movie very awesome.",2020-01-23,638
299536,Avengers: Infinity War,2018-04-25,Avengers,5e31061e6743fa00111e72b2,Good,2020-01-29,644
299536,Avengers: Infinity War,2018-04-25,Avengers,5e31d690ac8e6b0018bf938f,Awesome Movie,2020-01-29,644
299536,Avengers: Infinity War,2018-04-25,Avengers,600b8a5522e480003f006ba6,"This is exactly the sorta thing I want from an Avengers film! Full blown, no punches pulled action. In that regard, it's an outstanding watch!

Despite knowing practically little about the MCU up until a few weeks ago, I still knew this was a film that was going to see - so to speak - excrement hit the fan... and boy did it! It's a great ride.

Like <em>'Captain America: Civil War'</em> did, <em>'Avengers: Infinity War'</em> does an incredible job at juggling the gargantuan number of characters. It's ridiculous, but totally awesome, how many faces we see appear again. I thought they got the screen time for all, more or less, down to a T. Not an easy job, that.

Speaking of the cast, it's Robert Downey Jr., Chris Hemsworth and Josh Brolin who stand out most in my memory. Them three are excellent, especially the latter. Away from those lot, it's very cool to see all the other worlds - including from <em>'Doctor Strange'</em> and <em>'Guardians of the Galaxy'</em> - come together into one film. As for new additions, there aren't many - Peter Dinklage being the pick.

There are many references that I had already become aware of just via the internet, so it was quite amusing seeing them all unfold here and there. The effects looked great to me, as they have basically all the way up until this point of the MCU. The comedy is good again, also.

Needless to say, I can't wait to see <em>'Avengers: Endgame'</em>!",2021-01-23,1004
299536,Avengers: Infinity War,2018-04-25,Avengers,63c20bc18efe7300f0a344a4,"I walked into this frightened that there would be too man characters and the result would be an empty vacant shell of a movie that was pulled in so many different directions it couldn't make sense of itself.

Yay, I was wrong.

Seriously, they did a good enough job. They focused on Gomorrah, Thor, and Strange and Stark enough to make a plot despite the insane amount of characters. And the rest they used as filler, with only the Vision story coming up a bit light due to population.

And the Vision story was a bit of a draw back. It was there but it wasn't, but at least it was there, it was important, but it seemed tertiary and a little too much so.

The Humor was also scaled back. But Spider Man did a good job, Cap had a few and laughs,and yet again, it was only Panther and the Wakandans that took themselves too seriously to be in a Marvel movie.

I'm sorry, someone really needs to tell the MCU that it is fine if the Black Panther cracks a smile or a one-line once or twice. We won't mind.

The tone was more action than action/comedy...but with ""War"" in the title, you kind of expect that.

However, they do NOT even address the elephant in the room...why did Widow go blond? Was it to have more fun or was it simply because she was on the run. The world may never know.

What we do know is that we missed Hawkeye, even if he is on and off again retired. And we missed Ant-Man, but given how many people were here, the absences were noted but not really noticed.",2023-01-14,1725
299536,Avengers: Infinity War,2018-04-25,Avengers,6487d0e9e2726000e8c230ab,Nice,2023-06-13,1875
299536,Avengers: Infinity War,2018-04-25,Avengers,6a3fe29db6a6e7e4f9cf0870,"Rewatched for the Once Upon a Franchise podcast. Listen to the full episode here: https://open.spotify.com/episode/0a81IvaWFRlWzwNw0apQ8r?si=2ac5bb5e51a7491d

Rating: A

AVENGERS: INFINITY WAR remains a monumental achievement in cinematic storytelling. The Russo Brothers masterfully balance an unprecedented ensemble, utilizing brilliant character pairings and sharp humor to ground a cosmic war. Josh Brolin delivers an all-time great villain performance with Thanos, anchoring the narrative with complex motivations and terrifying conviction. While the grand action is occasionally hindered by heavy background visual effects, the emotional resonance of that bold, tragic ending only grows stronger over time, thanks to an incredibly profound subsequent exploration of grief and consequence that redefines blockbuster stakes.",2026-06-27,2985
299534,Avengers: Endgame,2019-04-24,Avengers,5cbf94670e0a266b96fba5ef,"The epic Marvel Saga that started over ten years ago has been building up to the inevitable clash with the powerful tyrant Thanos (Josh Brolin).  Last year’s “Avengers: Infinity War” set the stage for the highly-anticipated conclusion; “Avengers: End Game” and at long last it has arrived.

Picking up shortly after the events of the last film, the Avengers must deal with the aftermath of what Thanos has done. The team is naturally divided between wanting revenge, wanting to set things right, and just wanting to take what they have and go on. 

As time passes and they struggle to accept the reality of their situation; an unexpected individual returns and with them comes the seeds of a new plan to make things right. Naturally Tony Stark (Robert Downey Jr.) is skeptical but eventually warms to the possibilities of the idea thanks to a new scientific breakthrough that makes it possible.

Inspired, Tony sets out to put an elaborate plan in motion that will allow the team to try to fix things and to stop Thanos once and for all.

What follows is an extended and at times nostalgic heist where various members of the team work to assemble the pieces needed for the plan as they believe they only have one chance to make things right.

The film is essentially three acts in one. The first deals with the recap and expansion of their situation and the planning. The second act is basically a heist where action and comedy are blended with some touching moments.

This all leads to the final act which is the FX laden set piece where the ensemble cast gathers to fight the forces of evil in a battle to save the Universe.
The film is epic in scale and length as it clocks in at over three hours but the movie is filled with so much content that the time goes by quickly and you have a hard time believing three hours have elapsed.

It is also a difficult film to review as you cannot recap elements of the film in any great detail without giving away elements that are sure to delight the fans. Suffice it to say that my only real issue with the fil and it was minor; was that it took a while to get to the action but at least there was plenty to keep you entertained along the way.

As this phase of the Marvel Film Universe winds down and plans are put in place for the next five years; “Avengers: End Game” is a satisfying conclusion to the epic saga that was started many years ago and weaves elements of many of the past Marvel films into an entertaining tale which features all of the best elements that have made the series of films such big hits.

4.5 stars out of 5",2019-04-23,-1
299534,Avengers: Endgame,2019-04-24,Avengers,5cc07fa00e0a2615fdf464d3,"Hey, so, just some really quick thoughts I wanna get down, 'cause it's after 1 o'clock in the morning, and I wanna get some sleep so I can wake up well rested to see _Endgame_ again.

Putting it out there right from the get-go, _Avengers: Endgame_ is my favourite MCU movie. It's my favourite movie of the year too, but I've only seen like ten or so 2019 releases, and this is the 22nd Marvel Cinematic Universe film, so that seems far and away the bigger deal. I can't say it's perfect, there's some conflicting stuff within its own runtime that really doesn't seem to gel (though a re-watch may prove me wrong on that), and it's not like every moment was the no-holds-barred-zero-exception best version of that moment from start to end. But God I loved this thing.

I will say this though, the reason that I loved it, is this thing is fan service galore. If you do not care for the franchise's 21 movies preceding this point, then _Endgame_ is not the movie to turn you around on that. That may come in a future installment, but this one is a culmination. It's the end of _Infinity War_ but also Phase 3, but also a wrap-up and genuine ode to/send off for everything that Marvel has done over the past 11 years. That to me was incredible, and I am eternally greatful, but I cannot imagine it working for people who have no vested interest in these characters.

To me though? My first 9 out of 10 rating in **three years**.

_Final rating:★★★★½ - Ridiculously strong appeal. I can’t stop thinking about it._",2019-04-24,0
299534,Avengers: Endgame,2019-04-24,Avengers,5cc307bfc3a36809ab86e2fd,"Rewatched for the Once Upon a Franchise podcast. Listen to the full episode here: open.spotify.com/episode/6Lr8p61agTB39opiJWAKid?si=7e8a375f78f247e0

Rating: A+",2019-04-26,2
299534,Avengers: Endgame,2019-04-24,Avengers,5cc5b3b1c3a36849368181c9,okay so if your like me you questioned this movie due to the fact that i personally thought nothing could beat infinity war well after seeing it i can honestly say we have a new champion this was absolutley excelent so hilarious action packed the 3 hrs passes extremily fast my only thing is the use of god.... bothered me and i suggest if your offended by that wait till dvd so you can mute the parts also a reminder to parents 'no matter how bad you want to see the movie dont do like people in my theater did and bring your 3 year old 'but besides that awesome movie,2019-04-28,4
299534,Avengers: Endgame,2019-04-24,Avengers,5ccace3f0e0a262fb3fee8b3,"We waited till day 5 of release in theaters. There was a slow start to the movie so i don't recommend taking little ones under the age of 10. After all the anticipation and hype,Avengers Endgame did not disappoint. Waa a perfect ""ending' to the series. Very well done",2019-05-02,8
299534,Avengers: Endgame,2019-04-24,Avengers,5cd7cf4ec3a3681d16c096ba,"These kind of movies are among the few movies that I can be bothered to go to an actual theater to watch nowadays. For most movies I just wait until they come out on disk (preferably Ultra HD Blu-ray if it’s available) and watch them on my home theater rig. So this weekend me and the kids went to the theater to watch Avengers: Endgame.

I have to say that it was better, even much better, than I feared. I really feared that the SJW retards at Marvel would take this opportunity to completely re-organize the Marvel universe to their liking. Like how they completely ruined both professor Xavier and Wolverine in that abysmal Logan movie. Luckily, this did not really happen. Maybe the financial reality of their failing SJW comics and Disney doing a bit of culling of the most extreme of the Marvel retards, the ones who fail to understand that super hero movies are meant to entertain and not be their personal agenda channel, are starting to take effect.

It was actually a quite good movie with plenty of action, some humor and, of course, lots and lots of special effects. Even the story made somewhat sense, at least in the context of a Marvel movie, even though the writers resorted to time travel.

The movie starts of somewhat dark and grim but I guess that was to be suspected. It cheered up as it moved along and then ending … well to me at least it was mostly satisfactory.

I was not too thrilled about the “new” Hulk although I warmed up to him a bit during the film. Thor? The less that is said about him the better actually. The rest of the merry bunch was in pretty good shape and I am quite happy that we did not get to see to much of Quill’s usual shenanigans. I really hate that character.

I was quite positively surprised at the huge and quite cool battle towards the end. I was thinking, or rather hoping,  that at some time they were just going to reverse Thanos’ crap and that would be it but instead we get to watch another huge confrontation with pretty much everyone involved at the end. Very cool action and FX indeed.

There were some silly plot holes of course. As always when writers resort to time travel. An obvious one would of course be that, when they knew they only had enough Pym particles to complete one trip for each person why did they just not go back in time to get more the first thing they did? Especially since they later did exactly that. Also, Captain Marvel (in her new SJW hairdo) flies through a barrage of fire, smashes through Thanos’ ship like it was nothing and then struggles to combat Thanos himself? There were a bit of this silliness spread around but not too much for me to be bothered by it.

There were a few casualties of which I am saddened by two of them. I think at least one of them was unnecessary and probably agenda based. I also strongly disliked the rubbish with Captain America at the end. He has never been one of my favorite characters so I do not really care much about him being around or not but that rubbish sob-scene where he hands over his shield to a “politically correct” person was really unnecessary. I guess it must have been put there to appease the Marvel SJW retards.

Anyway, my bottom line is that I was greatly entertained by this movie. It had all the good stuff, real super heroes, action, special effects and not too much of the crap that has been spewing out of Marvel the last years.",2019-05-12,18
299534,Avengers: Endgame,2019-04-24,Avengers,5ce3e58dc3a3683bd81e14bb,Awesome!,2019-05-21,27
299534,Avengers: Endgame,2019-04-24,Avengers,5d1fb1e694d8a849843eb1e2,"***How can they possibly save half of all living beings in the Universe?***

How are the surviving Avengers & Co. possibly going to save half of the Universe that died? My wife & I had this discussion before viewing. It basically comes down to two options (assuming the events in ""Infinity War"" weren’t just a dream): magic or time travel. All I’ll say is: What they came up with was in ways reminiscent of the plot convolutions of ""Back to the Future II"" (1989).

“Endgame” (2019) begins strong with the devastating reality of half of all living beings in the Universe suddenly vanishing. It starts to get lethargic about an hour in, but perks up with the three teams trying to apprehend the Infinity Stones so they can maybe reverse what happened at the end of the previous film.

Everything naturally leads to a huge battle in the last hour that I found boring, not to mention that the epilogue tended to drag on with too much of it being tedious. Still, there are lots of worthy bits throughout, like the opening, the unpredictable first encounter with Thanos, Thor getting flabby, the moving match between Black Widow and Hawkeye at the cliff’s edge, and much more. 

Unfortunately, the myriad protagonists work against the film because it can’t concentrate on any one or two characters for very long. Captain Marvel is short shifted and decidedly dull. Plus the movie’s overlong at 3 hours, 1 minute.

GRADE: B/B-",2019-07-05,72
299534,Avengers: Endgame,2019-04-24,Avengers,5dc32f3f9d893900183425f3,"The amazing fight scenes and CGI aren’t enough to mask the fact that the overall plot of going back in time to change reality is just plain stupid and lazy - and this is addressed to the writers. I did know that there was gonna be some time travel involved, but the way Marvel explained and executed it didn't too well for me. They can't get away with just putting it all in ""Quantum.”",2019-11-06,196
299534,Avengers: Endgame,2019-04-24,Avengers,5dc38a0e99259c00157a95b0,"Sure the final fight with Thanos is more than epic, but I expected more than that. I wanted substance and a plot that didn't rely on ""quantum"" for all the questions and explanations.",2019-11-07,197
299534,Avengers: Endgame,2019-04-24,Avengers,5dc393138d22fc00123d43d8,"Sadly, I didn't enjoy this one as much as I did with the first ""Avengers"" movies.",2019-11-07,197
299534,Avengers: Endgame,2019-04-24,Avengers,5dc399489d89390015350e9e,"Honestly, it felt like it was too much of a set-up for me. Having Antman isolated in the Quantum realm was just too convenient and it felt like Marvel was just looking for a foundation for the script they had for this movie that wasn't even as good as the previous ones.",2019-11-07,197
299534,Avengers: Endgame,2019-04-24,Avengers,5dc56e676f8d950010c2e33d,"Needed more Dr. Strange action! Felt like the final fight scene with Thanos could've been choreographed a lot better especially when you have a magic caster who could dish out different spells like Dr. Strange. But alas, he was instead given the duty of holding off the impending doom from crashing down on his team.",2019-11-08,198
299534,Avengers: Endgame,2019-04-24,Avengers,5dc579d59c24fc0018bebb24,Not a big fan of the ending. But I guess when you have only 0.000000000001% chance of winning you can't expect it to be the best ending there is.,2019-11-08,198
299534,Avengers: Endgame,2019-04-24,Avengers,5de2a4e33faba000130a8805,"First of all, good popcorn movie, if you are hardcore fan of marvel or visual effect in general, this is a movie for you. 

However, it is clear that imagination of Marvel studio keeps deteriorating. The process and ending is clear about 10% into the movie. Zero development of character. Amateur plot twist. All cliche and low class humor. It is 21st century and they still cling on adult fairy tale and plain visual stimulation. The whole purpose is to let fans know what happens to the character. Good business investment but great shame to the art of movie industry. It is a blatant exploitation of grandpa IP with zero innovation. 

Hero fantasy lived in half a century ago. Time to learn from modern Japanese manga and anime (I am not talking about One Piece or Naruto). Stop stitching up individuals from different background and call it a universe, it's laughable at best.",2019-11-30,220
299534,Avengers: Endgame,2019-04-24,Avengers,5e00ee5f65686e0015977731,"Great ending but I still can't get over the fact that the writers had to kill my all-time favorite Avenger, Iron Man. Still, it was a sacrifice that must be taken for the greater good. I love the movie!",2019-12-23,243
299534,Avengers: Endgame,2019-04-24,Avengers,5e010230d1a89300198cee67,"I kind of expected Tony Stark to be the one to take the fall but what caught me off guard was Cap's decision to return to his original timeline. Man, I can take losing one main Avenger but two? It was just heartbreaking.",2019-12-23,243
299534,Avengers: Endgame,2019-04-24,Avengers,5e011acd65686e001398cfc5,That final fight with Thanos was epic! Great idea by the writers to have everybody be teleported back when Cap needed them the most. Officially the greatest superhero movie of all time!,2019-12-23,243
299534,Avengers: Endgame,2019-04-24,Avengers,5e0286340284200016b21b19,"With all the hype surrounding this film before its release, it was hard not to have high expectations once it finally went out.I myself am one of those people. Fortunately, it did pretty well and didn't disappoint. To me, it would've been better if all their time traveling somehow created ripple effects in the present to make it more realistic but I guess you can only fit so much content in a film.",2019-12-24,244
299534,Avengers: Endgame,2019-04-24,Avengers,5e08fa14d285af0013932672,"It's not just the hype that ruined this movie. Without the hype and just by looking at it for how it was written, you can tell that it's filled with plotholes.",2019-12-29,249
299534,Avengers: Endgame,2019-04-24,Avengers,5e091d81fea0d70016bb8410,"All throughout this movie it felt like something was missing. And then I remembered, Stan Lee isn't around anymore.I hope wherever that great man is, he is happy knowing that all his previous films have culminated into a worthy finale.",2019-12-29,249
299534,Avengers: Endgame,2019-04-24,Avengers,5e0e0c4bfd4f8000155f3d12,I regret not seeing this in theatres when it came out. This is one of those films that you need to see on the big screen so you can appreciate it truly for the masterpiece it is.,2020-01-02,253
299534,Avengers: Endgame,2019-04-24,Avengers,5e0e16136dc6c000134d1fb6,"To be honest, I got emotional seeing this movie on the big screen. Each actor delivered an outstanding performance and really contributed to the ending of the Avengers saga.",2020-01-02,253
299534,Avengers: Endgame,2019-04-24,Avengers,5e0e20156dc6c000154ccccf,I think it was only right that they had Iron Man make the sacrifice to save the universe. This made him truly the protector of the Earth.,2020-01-02,253
299534,Avengers: Endgame,2019-04-24,Avengers,5e0e29e49974ee0017a65741,The action scenes were good and had enough twists in the plot to keep it from becoming predictable.,2020-01-02,253
299534,Avengers: Endgame,2019-04-24,Avengers,5e0e407cfd4f8000135f179a,There wasn't much action in this movie compared to the other ones but it definitely had one thing more than the others: soul.,2020-01-02,253
299534,Avengers: Endgame,2019-04-24,Avengers,5e0e528f68b1ea00187f9d2e,"The final act was amazing and in my honest opinion, one of the best stories in the MCU. Ten great years of storytelling, Thank you MARVEL!",2020-01-02,253
299534,Avengers: Endgame,2019-04-24,Avengers,5e0f061d663b8700157e8912,Too much of the film was spent on the dull sentiments and tedious character development that it was hard for me to enjoy it. At some point I even asked myself if this was still a superhero film or a drama.,2020-01-03,254
299534,Avengers: Endgame,2019-04-24,Avengers,5e0f2d385907de0012d7b534,I'm 100% a marvel fanboy but this film is far from the movie I had in mind,2020-01-03,254
299534,Avengers: Endgame,2019-04-24,Avengers,5e104d8b6f43ec00175a08f6,"For someone who is just watching this for the sake of staying current on today's popular culture, it was okay. Not as great as the previous ones but I can kinda see why this had to take on a more dramatic tone as opposed to the usual flashy Marvel movie.",2020-01-04,255
299534,Avengers: Endgame,2019-04-24,Avengers,5e1211e5d8af670012bcdc8e,"It's sad that the only thing that was memorable for me in this movie was that final fight with Thanos. Other than that, all the other scenes were either incomprehensible or just plain boring.",2020-01-05,256
299534,Avengers: Endgame,2019-04-24,Avengers,5e12454a5907de0014ddaa64,Are they going to make a part 2? They need to consider doing one if they don't want all those past films to end on a fail.,2020-01-05,256
299534,Avengers: Endgame,2019-04-24,Avengers,5e1259cad64ac20016644da6,"It's sad to see that Marvel ""fans"" are hating on this film and not even trying to understand why this film is different from the flashy, action-packed, Avengers film that we've gotten so used to. The aftermath of Infinity War left a scar on each of the remaining heroes. That's what they're dealing with here, not some giant robot or intergalactic force out to destroy the world.",2020-01-05,256
299534,Avengers: Endgame,2019-04-24,Avengers,5e12c5ba5907de0014deb6f9,What a great ending to an epic saga! I knew from the start this was gonna be a tear-jerker and they sure didn't disappoint!,2020-01-06,257
299534,Avengers: Endgame,2019-04-24,Avengers,5e12c9d0d64ac2001464fd57,"The film may not have outstanding action scenes as the previous ones but it had a tremendous amount of story and depth which, to me, seems fair taking into consideration the aftermath of Avengers: Infinity War.",2020-01-06,257
299534,Avengers: Endgame,2019-04-24,Avengers,5e12cdca8741c400123da1bb,"It's a bit confusing at first but once you really delve deeper and let yourself be engrossed in the story, you start to understand and enjoy it.",2020-01-06,257
299534,Avengers: Endgame,2019-04-24,Avengers,5e12d1d48741c400173ddd50,"I really love how it felt like everyone who survived ""the snap"" felt that they lost somebody precious in their lives. It gives such a real sense of family.",2020-01-06,257
299534,Avengers: Endgame,2019-04-24,Avengers,5e20d4e5397df0001296453d,Some of the scenes were unnecessary and could've been just cut out entirely and the movie would still make sense. I expected more from this 3-hour film but it turned out to be just a complete waste of time.,2020-01-16,267
299534,Avengers: Endgame,2019-04-24,Avengers,5e20de6abfeb8b0013cca877,Loved this movie. Everybody else that's asking for more action on this film need to re-watch Infinity War and think long and hard about how much the effects of the snap can affect one's mental health. Even heroes bleed.,2020-01-16,267
299534,Avengers: Endgame,2019-04-24,Avengers,5e20f356bfeb8b0013ccd266,Amazing! We have been waiting for this for so long since Iron Man started and the Avengers were created. A masterpiece that has undergone a decade in the making.,2020-01-16,267
299534,Avengers: Endgame,2019-04-24,Avengers,5e21da5bbfeb8b0013cefede,"I have to admit, I got so emotional all throughout the movie and some parts brought me to tears. The cast was phenomenal and I think every superhero got to have their spotlight.",2020-01-17,268
299534,Avengers: Endgame,2019-04-24,Avengers,5e24a3b18f26bc00157944d5,"To be honest, I was not expecting the plot of the movie to be with time travel. The movie was great, but some parts were not explained properly and they just lumped it to just a ""quantum theory"". Overall, it appeased the masses, both Marvel and non-Marvel fans.",2020-01-19,270
299534,Avengers: Endgame,2019-04-24,Avengers,5e24ab211bf2660016fb2642,"Hands down to Stanley, the Russo Brothers, the cast and all the people behind this movie. The culmination of several movies eventually leading to this one great of a story, in the end, satisfied the forever kid in me.",2020-01-19,270
299534,Avengers: Endgame,2019-04-24,Avengers,5e24b417d6c30000174238a1,"What a rollercoaster ride the movie Avengers: Endgame was! Even though it has some slow scenes, I was really moved by the character building, how the story was elaborately planned, and the heartbreaks that we had to endure along the way. I must say, it had an epic and emotional ending we never thought we wanted.",2020-01-19,270
299534,Avengers: Endgame,2019-04-24,Avengers,5e24ba74d6c3000013423b58,All I can say is that this movie gave me the chills! Truly fascinating. A fitting conclusion that lives up to the hype.,2020-01-19,270
299534,Avengers: Endgame,2019-04-24,Avengers,5e24c418bfeb8b0013d46327,"I was expecting a lot from the Endgame, it is a culmination of many years of MCU movies, and the plot of this movie just added more questions to the ones I had when Infinity War ended. Too many plot holes, but hopefully it can be explained in the next phase of MCU.",2020-01-19,270
299534,Avengers: Endgame,2019-04-24,Avengers,5e24ca198f26bc0013797ee2,"As a Marvel fan, all I can say is that I am very much thrilled, and satisfied with how the Endgame turned out. The CGI was great, the story on point, and it brought back to life all the superheroes that I love.",2020-01-19,270
299534,Avengers: Endgame,2019-04-24,Avengers,5e24cfaabfeb8b0013d475d1,"EPIC! Endgame has all that there was: comedy, drama, action, fantasy, and many more. I love how it was the finale of MCU's current generation of movies, bringing together storylines and characters from 21 previous movies. A truly wholesome experience.",2020-01-19,270
299534,Avengers: Endgame,2019-04-24,Avengers,5e259d0c8f26bc00137b2b6b,"As much as I would love to, I don’t want the current generation of MCU's characters to end. We all loved Robert Downey's Ironman, Chris Evans’ Captain America, and they left a mark in our hearts that can never be replaced. I will root for the next phase of MCU movies, but I don’t think it will have the same allure as the first one.",2020-01-20,271
299534,Avengers: Endgame,2019-04-24,Avengers,5e26fa16168935001234a424,"GOOSEBUMPS!!! That moment when Doctor Strange brought everyone together to help Capt. America, it's like the spark needed to fire up the hope of every Avengers fan!",2020-01-21,272
299534,Avengers: Endgame,2019-04-24,Avengers,5e270ca9c68b6900143dc1d4,"Scarlet Witch's rage was terrifying! She proved to everyone not to mess with her, with her man, or else, there'll be hell to pay.",2020-01-21,272
299534,Avengers: Endgame,2019-04-24,Avengers,5e2906d798f1f10018f527d3,I want to commend Hawkeye and Black Widow's friendship. It's not a battle for who will live but a battle for who will die.,2020-01-23,274
299534,Avengers: Endgame,2019-04-24,Avengers,5e2912a498f1f10018f53625,Spidey and Mr. Stark 's reunion tugged my heartstrings. The relief on Tony's face said it all.,2020-01-23,274
299534,Avengers: Endgame,2019-04-24,Avengers,600e1f41e8d0b4003efd9f6b,"What a sensational end to this particular arc of the MCU. Quality film!

<em>'Avengers: Endgame'</em> is all of what I expected/wanted and more. I got goosebumps twice throughout the (masterfully paced) 181 minute run time, I can't say many films have inflicted that on me! Love the ending and the way the Infinity Saga story wraps up.

The action is ultra thrilling, the score is fantastic and the effects remain great. I will say I don't think they nail the screen time for all involved outstandingly - that's not a negative, at all, it's just the fact that <em>'Captain America: Civil War'</em> and <em>'Avengers: Infinity War'</em> did it to an incredibly higher degree previously.

The cast are marvellous, pardon the pun. Robert Downey Jr. and Chris Evans remain superb and are still the most standout, though you also have the likes of Chris Hemsworth, Josh Brolin, Scarlett Johansson, Bradley Cooper and Mark Ruffalo - love the look of Hulk in this one, btw.

I've only become properly aware of all of the MCU in the last two weeks or so, yet this still gave me a memorable experience seeing this main story crescendo like this - I imagine it would've been quite the journey 'live' from ten years or so prior to the release of this.

Look forward to continuing with <em>'Spider-Man: Far From Home'</em> and the end of Phase Three, and then - all things well - beyond.",2021-01-25,642
299534,Avengers: Endgame,2019-04-24,Avengers,6103c10edb72c03bfb2b6ea4,It Was Next Level.,2021-07-30,828
299534,Avengers: Endgame,2019-04-24,Avengers,63bf86f823be460098085dba,"Walking in, given Marvel's latest publicity, I was expecting, well, I was expecting an absolute cringe fest, and thankfully I didn't get it. In fact, there were only a couple of absolute cringe moments and each dealt with Brie Larson, particularly her appearance in the final fight.

Thankfully though, Marvel showed a lot of restraint with that and as a result the movie really belonged to the characters that we all have invested over a decade of love and loyalty in....and honestly that was a relief. There were times where the film looked like it wanted to go the other way, and put the OG Avengers in the backseat. So, credit for not doing that.

It feels a lot more like Kill Bill 2 in atmosphere than a real Super-Hero movie, all the really fun big fights were reserved for the first film and what's left is a long closing act that is more concerned with tying up loose ends than delivering on over-the-top action. And it works for a send off film after a decade of investment.

So what you have feels very much like an intimate and sentimental film made by old friends at send off...or a funeral...but in either case it is absolutely appropriate.

Unfortunately, you have the enormously epic CGI battle at the end and I, for one, am kind of done with that trope. It's starting to bore me now, and, honestly, I would prefer something a little more authentic. But, that being said, the film at least called for it.

We've seen battles like that before, Black Panther, Aquaman, Infinity War, Lord of the Rings, and, honestly those CGI armies lack any real intimacy. So the end is kind of a bore compared to the rest of the film.

The highlight in the film would be Thor with Hulk coming in as a close second. They steal the show from the moment they are introduced and the trademark MCU humor that Black Panther and Captain Marvel utterly lacked. And the humor was a source of comfort after two films that made vague threats of taking themselves far too seriously for a superhero flick.

The wrap-up was more than satisfying if not heart-wrenching at moments making it a great send off for a decade of time and money invested in the characters, however the legacy that the MCU is passing on seems in trouble nonetheless and we can only hope that it doesn't go the route that the MCU has been teasing and toying with and continues to deliver fun superhero movies and not the heavy-handed or deadly serious films they have threatened the audience with.",2023-01-12,1359
299534,Avengers: Endgame,2019-04-24,Avengers,63e70b381277780081a30d99,"**Avengers: Endgame is a once-in-a-lifetime masterpiece that did the impossible by exceeding sky-high expectations and delivering a proper send-off to a beloved cast of superheroes.**

Avengers: Endgame had 21 years of rising fan expectations, the pressure to conclude a saga spanning dozens of films, and the need to adequately resolve one of the most surprising and desperate cliffhangers in history… The Russo Brothers not only delivered on all the hopes and dreams of legions of fans but shattered expectations and box office records. Who would have thought that two guys whose resume was limited to the paintball episode of Community could perfectly balance the MCU’s carefree goofy personality with the hopeless and impossible story of the Avengers’ failure to save half of the universe? Endgame takes the time to tell the story of each original Avenger, showing their growth, pain, and heroism in a way that gives each hero a powerful and satisfying send-off. There are so many moments of this film that will go down in cinematic history that had the crowd in the theater erupting in applause and wiping away tears. I’m not sure we will ever bear witness to a film like Avengers: Endgame, with 21 movies and 21 years of storytelling culminating in one of the most epic finales of all time. Whoever says that comic book films can’t be Oscar-worthy masterpieces ignores the history made by Avenger: Endgame.",2023-02-11,1389
299534,Avengers: Endgame,2019-04-24,Avengers,65dd1317903c52017cbb54b7,"Bitter sweet, not in a very good way. It was the start for marvel to shift to ""woke"", which means inevitable doom.",2024-02-26,1769
299534,Avengers: Endgame,2019-04-24,Avengers,6967573b8c873bcee0caccb8,"Avengers: Endgame"" isn't just a movie; it’s the emotional finish line of a 22-film journey that actually rewards you for paying attention all those years. It’s rare to see a blockbuster handle grief and failure so humanly before jumping into the cosmic chaos. Watching Tony Stark’s growth from a selfish billionaire to the soul of the universe is incredibly moving, and that final battle is pure, unadulterated nerd joy. Yes, it’s three hours long, but by the time the credits roll, you're so drained and satisfied that you’ll want to sit in the theater and process it all. It’s a massive, messy, and beautiful love letter to the fans. For more perspectives, check out the community reviews on Letterboxd.",2026-01-14,2457
1771,Captain America: The First Avenger,2011-07-22,Captain America,4fce8dc6760ee336ce00008f,"True to ""Captain America,"" this is the modern (comic book) version of the All American movie.  Good guys versus bad guys without a lot of ambiguity.  _**NOTHING WRONG WITH THAT**_.  

This movie is pretty much perfection for the genre. Entertaining A to Z story with high-end Hollywood professional movie making throughout.",2012-06-05,319
1771,Captain America: The First Avenger,2011-07-22,Captain America,5b151dcc0e0a262df1008f28,"**This is a long form review initially published in 2011:**

Though it ran at over two hours, I did feel that it had plenty of room to go further than it did. I honestly felt like Red Skull could have had a film all to himself, and actually kind of suffered for making him as intriguing as he was.

Chris Evans was an interesting choice as the titular role of Captain America, given that he's already played American sweetheart Marvel Super Hero ""The Human Torch"" in _Fantastic 4_ and _Fantastic 4: Rise of the Silver Surfer_. He didn't Oh-My-Gosh blow me away type-thing or what have you, but he was pretty great.

So far in the Marvel Cinematic Universe, I'd slot Captain America clean in the middle. I liked _Iron Man_ and _Thor_ more, but _Iron Man 2_ and _The Incredible Hulk_ less. Marvel Studios stated that the movie they wanted to make was set in the 40's, even though the rest of Marvel Cinematic is modern-day. This was 100% the right move to make, why? Not because of the setting, aesthetics or direction, but because it's fuckin' smart. How do you have the world appreciate an Uncle-Sam loving upper-middle class white male military blindly-loyal patriot? You make him fight the God damn Nazis, that's how.

It may seem strange, but I actually enjoyed the opening of _Captain America_ the most, which he spends a a meek, asthmatic Steve Rogers, yet to undergo the Deus Ex Machina Super Serum. It really showed the best of Evans acting ability, as well as the writing of Christopher Markus and Stephen McFeely whom together wrote _You Kill Me_ and The _The Chronicles of Narnia_ Trilogy.

I watched it in 3D, which was more bearable than usual. As the films of MCU progress, each of them becomes more and more a prequel to _The Avengers_, _Captain America_ being the most to date. Despite its almost-entire lack of _Avenger_ cameos, this more than previous films felt like a prequel for what's to come, which is not strictly speaking a good thing.

I had plenty of minor issues with _Captain America_, and though their was quite a number of them, all were minor, and ultimately, the only part of me that regrets watching it was the part that keeps thinking ""My fucking God, I have to wait a YEAR before _Avengers_ comes out?!""

79%

-Gimly",2018-06-04,2509
1771,Captain America: The First Avenger,2011-07-22,Captain America,5c493dfa92514154484fc958,"PLOT

Steve Rogers, a scrawny young man, wants to enlist in the US Army and go overseas to fight in WWII. But his size and health means his attempts at enlistment always end the same way -- a 4F rating. Until a scientist sees him and recruits him to try out for a special training program to create a super soldier.

WHAT I LIKED

The Marvel universe sticks pretty close to classic script with him being given a serum that jacks his body into super muscle mode. He's already brave and smart, so it would seem like a no-brainer to send him overseas? But the guy in charge of his training doesn't want him, he's just one man, so Rogers ends up doing public relations back home. And he is quite shocked that the men overseas don't react as positively when they see him as the crowds back home. I really enjoyed the way they handle the first battle scene for him, basically him figuring things out as he goes, a far cry from his battle-hardened approaches later.

I even liked his interactions with Agent Carter. I had thought it would be more subtle than it was, and I hoped we'd see a bit more of her operating on her own (after all, they gave her character a whole series on TV!), but she was second fiddle to the hero.

WHAT I DIDN'T LIKE

The challenge with a lot of American movies of the war is that it is as if they are the only actors in the war, no allies, just them, and that level of nationalistic narrowmindedness is a bit grating. That may be a small gripe when the show is called CAPTAIN AMERICA, not CAPTAIN OF WORKING WITH ALLIES, but still, it's annoying. I also was disappointed there wasn't a lot more on Red Skull. His history, his abilities, other pursuits, all of it was left basically unreferenced. Sure, some of it shows up elsewhere in the Marvel universe, but a bit more crosswalk would have been nice. I felt he really wasn't that well-fleshed out as the uber villain he could have been.

THE BOTTOM LINE / TWEET

As an origin story, it lacks pizazz",2019-01-24,2743
1771,Captain America: The First Avenger,2011-07-22,Captain America,5c84271d92514127691f7aeb,"Definitely the most underrated of all the MCU films, Captain America: The First Avenger is a great war film done comic book style about a little guy making a big difference. Red Skull is one of the better villains simply because of how fantastic Hugo Weaving is. Peggy Carter is a great heroine and Hayley Atwell's performance is an absolute joy. Also, Tommy Lee Jones and Stanley Tucci light up the screen whenever they're on.

With strong action scenes, nicely developed characters, and seamless CGI, Captain America: The First Avenger is perfectly fine as a stand alone film. Shameful that so many audiences were just going out of obligation for The Avengers, because this movie has a lot to offer.",2019-03-09,2787
1771,Captain America: The First Avenger,2011-07-22,Captain America,5ed3248c1b157d001f53be6b,"Probably only my third time viewing and first in at least 8 years and while it's not great, I did find it to be pretty entertaining and Chris Evans embodies the role so well. Red Skull and the heavy prosthetic they placed on Hugo Weaving still was pretty silly looking, however, making him one of many weak villains in the MCU. **3.25/5**",2020-05-31,3236
1771,Captain America: The First Avenger,2011-07-22,Captain America,600235b3223e20003db704f2,"I had a great time with this, it narrowly surpasses <em>'Iron Man'</em> for me.

<em>'Captain America: The First Avenger'</em> is thoroughly entertaining. I absolutely enjoyed the story and how it is told, while the 1940s style is done fantastically - love the settings and costumes. The only negative I have is about the body double effect of skinny Captain America - which looks, honestly, ridiculous... in an amusing way, at least.

This is, possibly, the most I've enjoyed the overall cast for an MCU film so far. Chris Evans is fun to watch in the lead role, he does a grand job. Behind him, the likes of Tommy Lee Jones, Hayley Atwell and Hugo Weaving are enjoyable too.

A very pleasant experience, this. Good fun.",2021-01-16,3466
1771,Captain America: The First Avenger,2011-07-22,Captain America,64529c1287a27a0138a61557,Really good movie. I loved the little tiny skinny him. He looked hilarious. Lots of action and cool cgi stuff going on.,2023-05-03,4303
1771,Captain America: The First Avenger,2011-07-22,Captain America,67f23fbba5471a51ee991525,"Captain America: The First Avenger is a well-crafted superhero origin story that sets up Steve Rogers' journey with a strong narrative foundation. The plot is engaging, blending a classic underdog story with a war-time adventure that feels both grounded and larger than life. The pacing is solid, moving through Steve's transformation and early missions without dragging, though some action sequences are presented in montage form, which makes them feel a bit rushed. The script does a great job of keeping the dialogue natural, mixing heartfelt moments with humor and sincerity, making Steve an instantly likable character.

Joe Johnston’s direction leans heavily into a 1940s aesthetic, capturing the era’s charm while delivering the high-energy action expected from a Marvel film. The cinematography enhances this old-school feel with warm tones and well-framed action shots that keep everything clear and visually engaging. Some sequences feel a little stylized in a way that makes them stand out from the rest of the MCU, but that actually works in the film’s favor, giving it a unique identity. The balance between practical effects and CGI is well-handled, making the world feel lived-in rather than overly polished.

Chris Evans absolutely nails the role, bringing depth to Steve Rogers beyond just being a strong, noble hero. His performance is supported by a great cast, with standout moments from Hayley Atwell and Tommy Lee Jones. The score, composed by Alan Silvestri, adds to the film’s grand yet sentimental tone, making key moments hit harder. Overall, this is one of the stronger solo MCU entries, delivering a mix of action, heart, and a well-paced origin story that sets the stage for one of Marvel’s most iconic characters.",2025-04-06,5007
1771,Captain America: The First Avenger,2011-07-22,Captain America,68ac895e2020722f5a1e5280,"Rewatched for the Once Upon a Franchise podcast. Listen to the full episode here: https://spotifycreators-web.app.link/e/qeqKx7GL7Vb

Captain America: The First Avenger stands tall as one of the MCU's strongest origin stories, even if time has made some of its rougher edges more apparent. From the very beginning, Joe Johnston's film sets the tone with a still-underrated technical achievement: the seamless VFX techniques employed that transform Chris Evans into the skinny Steve Rogers. Beyond the spectacle, though, the movie immediately defines why Rogers had to be Captain America: his moral compass is unshakable. He doesn't want to kill, doesn't want power for its own sake - he just doesn't like bullies. That clarity of character, paired with Evans' perfect casting, makes him instantly magnetic. Evans embodies everything Cap should be - compassionate, honest, humble, and yes, convincingly heroic once he emerges in peak form. His dynamic with Sebastian Stan's Bucky brings warmth and trust, while Hayley Atwell's Peggy Carter shines whenever she's on screen, though she deserved far more to do. Even small roles like Tommy Lee Jones' Colonel Phillips leave a lasting mark, his dry humor proving essential to the film's pacing.

That pacing, however, falters in the middle stretch. The second act leans heavily on repetitive mission sequences - infiltrating Hydra bases, blowing up facilities - that rely more on CGI explosions than the movie's more effective hand-to-hand combat. It's also here that Marvel's creeping overreliance on digital effects starts to show, something that would later define the franchise's weaker instincts. Still, when the focus stays on Steve's journey, the story soars. Thematically, it's one of the richest MCU entries, building a character-first story about altruism, heroism, and sacrifice rather than pure spectacle. Alan Silvestri's iconic score cements the film's emotional heft, becoming a theme that would echo throughout the saga. If The First Avenger feels slightly dated today, it's less a flaw than a reminder of the studio's early growing pains - because at its core, this is still one of the most earnest and inspiring superhero origins ever put on screen.

Rating: B+",2025-08-25,5148
100402,Captain America: The Winter Soldier,2014-03-20,Captain America,535868070e0a26067f0007d2,This movie is very good I loved it so much.,2014-04-24,35
100402,Captain America: The Winter Soldier,2014-03-20,Captain America,53f4879b0e0a267f8d001da8,"This is indeed a great piece of superhero entertainment. If superheroes and action, plenty of action, is within your sphere of interest then this movie truly delivers. There is even a story to support the stunts and special effects fireworks that is not too shabby. As a matter of fact, for being a Marvel-based movie, the story is more than acceptable.

As the blurb states, our hero is meeting a few adaptation issues after having been awaken into the modern world. Luckily the movie do not fall into the trap of making some silly comedy out of it but keeps these parts at a reasonable level where it stays funny without ruining the movie or disrupting the pace of the real story.

The story? Simple and not very original with the usual slew of traitors strewn about, you cannot trust anyone, our hero becomes a fugitive etc etc bla bla bla. It is however a pretty straightforward one which works quite well and is not getting bogged down in silly emotions and general idiotic behavior by our hero like for instance several instalments of Spider Man have done. Actually this is one thing that I really like with this movie. The hero is a true hero from start to finish without any of that modern Hollywood crap where the hero must be tarnished in one way or another to satisfy the directors and producers.

As I wrote above if you like superhero action movies then there is little not to like with this one. Acceptable story, plenty of action, good special effects, a cool chick (hey I am but an ordinary male, I like female actors in tight costumes) and a clear hero. None of the actors are really doing a bad job of it and in general the acting is as good as one can expect when portraying characters that, after all, are be totally ludicrous in real life. Its 8 out of 10 rating at IMDb (at the time of writing this) is well deserved. I am astonished that some people seem to have voted it down with a one star rating. It is a Marvel-based movie. You might feel it is more or less good but the style of the movie should not really be a major surprise to anyone and there is no way in hell that it deserves a one star rating unless someone really watched the wrong movie by accident.",2014-08-20,153
100402,Captain America: The Winter Soldier,2014-03-20,Captain America,544e11070e0a2608d4004175,"Put *a little* bit of brain in a superhero's movie script and you will have everybody talking wonders about it.

This is not a bad movie but neither astonishing. Fun and entertaining and with great FX, as expected.",2014-10-27,221
100402,Captain America: The Winter Soldier,2014-03-20,Captain America,54590aff0e0a261165002061,"The Winter Soldier has all the action, quirky one-liners, and bold adventure that we have come to expect of a Marvel movie.

Plus we get introduced to a new/old villain as well as some fun romantic tension between Steve Rogers (Captain America) and Natasha Romanoff (The Black Widow).  (Scarlett Johansson is perfect in this role.)

But this film also has some minor irritations all stemming from Marvel's tendency to make _Captain America_ more complicated than it really needs to be.

MINOR SPOILER ALERT:
1. The love story/non-story.  Is this necessary? Will the Captain remain faithful to a 80 year-old woman on her deathbed OR engage in a date with his next door neighbor?  Plus the tension between him and Natasha Romanoff is intense.  This comes off as forced, awkward, and pointless.

2. “The deception goes deeper than you can imagine. You can’t trust anybody.”  It's this way every time so it should no longer be a surprise.

3. He’s dead but not really. Not him, the other him. Well…they both were dead – not really – but now they are both alive. But one of them can’t remember who he really is. In this film we get to do this with two characters instead of one.  It’s not a huge distraction but why does Marvel keep returning to this plot line? 

END OF MINOR SPOILER ALERT

The Winter Soldier is best when Rogers and Romanoff are on the move trying to put the pieces of the puzzle together. The explosions are nice, the action scenes are intense but the real enjoyment of the film is where skill and wits are relied on more than gadgets and explosions. 

Patriotism is a bit more nuanced this time around and it's better for it.  The cast is great, no awkward acting moments to report. It’s a great summer flick with all the action you want.",2014-11-04,229
100402,Captain America: The Winter Soldier,2014-03-20,Captain America,55e43b63c3a368418e0035a3,"Till the end of the road.

Stonking! Now this is more like it, after the disappointments that have been Iron Man 2 and Thor 2, Captain America gets a sequel of substance and sparks. It manages to blend everything required to make a great superhero film, lashings of derring-do heroics, action bonanza, adventure, some sexy sizzle and of course the key, a story with brains and mystery elements.

True enough to say that the considerable contributions of Black Widow and Falcon (and Nick Fury of course) keeps this as a lively Avengers spin-off movie, which is no bad thing at all, but it's still the Captain who dominates things, marking himself out as a viable main man. In fact the whole film has the old school comic book feel, yes there's the grandiose pyrotechnics - unsurprisingly amped up for the big finale, but there's an adherence to serial thriller conventions that is, well, rather warm and comforting.

With the Captain getting some surprising amount of emotional depth and humanity courtesy of the perfectly cast Chris Evans, the viewers have much to care about. Themes of Bondian world domination and global security crisis keep things nice and fanciful, while the unheralded work by the effects guys is modern cinematic art. There's some adherence to genre formula, and a bit of Marvel universe copy-catting going on, but this is one of the best films from the Marvel stable. A rich sequel indeed - more Captain America please. 9/10",2015-08-31,529
100402,Captain America: The Winter Soldier,2014-03-20,Captain America,5a2ccb3ac3a3680b8f145cdc,"**A long format review from 2014**

Misleadingly, the titular Winter Soldier is essentially a minor subplot in what is more of an espionage-technoir-thriller meets spectacle-epic than your typical super hero film. The real meat of the movie, thankfully, has some more substance behind it. Though it wouldn't surprise me if we learn later that Sebastian Stan's villain was forced to take a back seat via last minute script changes à la Hawkeye in _The Avengers_.

These things are of course a matter of opinion, and I'd like to watch _Winter Soldier_ at least once more (particularly in 2D... God do I ever hate 3D) before committing to any particular ranking. But even without that, I feel confident in saying it's the best MCU Phase 2 film to date. We must await _Guardians of The Galaxy_ and _Age of Ultron_ before cementing that little award, but I'd say that it stands at the very least above _Iron Man 3_ and _The Dark World_.

I always try to keep my reviews spoiler free, but being that in most parts of the world it isn't out yet, I'll be extra careful to do so with this one. This makes talking about _Winter Soldier_ on its own merits difficult, but there are certainly a few things that can be said.

Chris Evans (Cap'), Scarlett Johansson (Black Widow) and to a slightly lesser extent. Anthonie Mackie (Falcon) rule the film, and do so without any shortcomings. That's not to say that they couldn't physically have done any better, but their roles were all seamless as far as my blurred vision could tell, which is not an accolade I'd often give.

Where _The Dark World_ was simply a holding pattern for Thor with some very pretty pictures, _Iron Man 3_ and _The Winter Soldier_ went out and took some actual risks in their stories. But unlike _Iron Man 3's_, Winter Soldier's risks have (to its eternal credit) been universally well received.

Directors Joe and Anthony Russo also managed to cameo a couple of Community alumni, which will never be a bad thing in my eyes, even if they're just one-off, throwaway jokes.

As I said, I really feel I need to give _The Winter Soldier_ at the very least one more screening before I feel totally confident in my thoughts about it.

But the fact that I'm really fucking excited for that second viewing speaks in its favour if nothing else does.

86%

_-Gimly_",2017-12-10,1361
100402,Captain America: The Winter Soldier,2014-03-20,Captain America,5c842694c3a3684e8cdacb97,"Captain America: The Winter Soldier opens up with an action sequence that's better than most action movie climaxes. It then sets up a really intriguing story before launching into one of the most suspenseful car chases since the Simpson/Bruckheimer 90s era. After that it's scene after scene of amazing action coupled with a complex story about heroes and villains being caught in a system that is too big to bring down, unless you're as good and level headed as Steve Rogers.

This isn't just a great comic book movie. It's a great movie; period. Using a spy thriller style mixed with martial arts and gunplay, set to the perfect music score, I would rank The Winter Soldier as one of my favourite action films hands down.",2019-03-09,1815
100402,Captain America: The Winter Soldier,2014-03-20,Captain America,5ef02cbf5684630032031bc0,"Third time seeing this and still a fantastic all-around film, not just a comic book movie either. Briskly paced and a great complex story, this is a Marvel movie that felt complete from beginning to end, and actually advanced the universe so well. Chris Evans continues to embody the role and nice to see Scarlett Johansson given more to do (up to the point of this film's release) than in Iron Man 2 or The Avengers. **4.75/5**

I probably rate this right alongside The Dark Knight amongst comic book movies and, saying this as a DC fan, perhaps edges out TDK (though could easily seeing roles reversed once I re-watch that one).",2020-06-22,2286
100402,Captain America: The Winter Soldier,2014-03-20,Captain America,6004c3c97f6c8d003d747950,"Entertaining!

<em>'Captain America: The Winter Soldier'</em> makes for an enjoyable flick. Chris Evans does great work as the lead character, while Scarlett Johansson gives her most fun to watch performance in the MCU up until this point; it would've been great if she had such a role pre-<em>'The Avengers'</em>, so she wouldn't have felt so out of place to me in that.

Anthony Mackie and Robert Redford are notable in their respective roles, as is Sebastian Stan - even if, to be honest, his character's connection with the lead didn't quite hit as hard as the film attempts - at least for me. I didn't really believe how his character came about and how Barnes acts throughout, Stan does well though. Samuel L. Jackson is also good.

Everything else is exactly what you'd expect from a film of this size. Great effects, entertaining action and a satisfying story. Very good, all in all.",2021-01-17,2495
100402,Captain America: The Winter Soldier,2014-03-20,Captain America,624216d2fea0d7005c88d28a,"Picking up from his rather frosty denouement of 2011, ""Capt. America"" (Chris Evans) finds himself seventy years older but still with battles to fight. This time, he teams up with ""Nick Fury"" (Samuel L. Jackson) and his SHIELD agent ""Natasha"" (Scarlet Johansson) to combat the ruthless warrior known only as the ""Winter Soldier"". It doesn't take us long to discover that there is quite conspiracy going on too - with an attempt on the life of ""Fury"" before off we go on a roller-coaster ride of action adventure scenarios. The effects are great and the score works well to help keep the break-neck pace working well and excitingly. Evans is still just a little too pretty-boy for me, but the developing roles of Anthony Mackie, Johansson and a few cameos from the somewhat duplicitous ""Pierce"" (Robert Redford) all contribute well to make this a superior adventure film with a strong and characterful story underpinning it. It hasn't quite the charm of the first film, so I wouldn't say it is better - but it is certainly just as good, and as with the first outing, the 2¼ hours just flies by. Great cinema.",2022-03-28,2930
100402,Captain America: The Winter Soldier,2014-03-20,Captain America,63e70a181277780081a30d0d,"**The darker tone and spy plot are a perfect fit for Captain America taking the MCU into new territory that results in one of the franchise’s very best.**

The Winter Soldier broke new ground for Marvel. The Russo Brothers took Captain America and immersed him in a dangerous world filled with subterfuge, spies, and betrayal. This was the first MCU film that didn’t feel as bright and light-hearted as its predecessors, and this new tone fit Cap’s story perfectly. The action was incredible. The plot twists kept piling up. Forcing Cap to question his moral compass and use his wits over his brawn to overcome his enemy were brilliant story decisions that developed the character and avoided the “bad guy with the same powers as the hero trope.” Black Widow’s inclusion in this spy adventure allowed Natasha to shine and further develop her morality. Everything in this film just works. I am admittedly not a major Captain America fan, but The Winter Solider overcomes all that to land this film on my favorite MCU list and comic book film list too!",2023-02-11,3250
100402,Captain America: The Winter Soldier,2014-03-20,Captain America,6452a3ffc044290122cb6992,"Not as good as the first. Still a good movie though. The only thing I don't like is, he's suppose to be Captain America. With all these super powers. So why does he need help all time.",2023-05-03,3331
100402,Captain America: The Winter Soldier,2014-03-20,Captain America,690cfe992f9649b50a4c70e0,"Rewatched for the Once Upon a Franchise podcast. Listen to the full episode here: https://open.spotify.com/episode/2U8PmRfabNl0CsCnhEToHj?si=340e373fa1574879

""Captain America: The Winter Soldier"" is deservedly one of the most beloved and well-regarded movies in the MCU, a film I also count among the franchise's very finest. It distinguishes itself by successfully operating as a 70s-style paranoid political thriller, which is a mature, intelligent, and unexpected tonal shift that helps it avoid the standard superhero formula. The movie is riveting, captivating, and seamlessly structured, packed with compelling twists and shocking reveals. It uses this grounded backdrop to explore complex, real-world themes such as freedom vs. security, identity and authority, and the devastating cost of legacy and trauma. This thematic depth is matched by the visual style: the action is predominantly ground-level and visceral, featuring complex choreography and dangerous stunts, while saving the explosive CGI for only the necessary destruction. The tense score and sharp cinematography enhance the high stakes of a story that genuinely changes the landscape of the entire saga.

The film's greatness is anchored by its exceptional cast and character development. Chris Evans is excellent, but the supporting players are equally fantastic, giving us the long-awaited development for Natasha Romanoff and Nick Fury. We're also introduced to Sam Wilson, who becomes Cap's new right-hand man. The central arcs are profound: Steve learns to prioritize his own conscience over institutional authority, a journey cemented when he chooses not to fight the brainwashed Bucky in the climax. Natasha moves toward transparency by leaking all classified S.H.I.E.L.D. data, and Fury fakes his death to operate outside the corrupt system, forced to confront the failure of his own philosophy. This commitment to character arcs and permanent high stakes is what makes this installment not just a great superhero movie, but a truly great film, period.

Ultimately, it's a timeless testament to the idea that freedom is always worth the price of the fight, no matter the cost or the betrayal.

Rating: A+",2025-11-06,4249
271110,Captain America: Civil War,2016-04-27,Captain America,572d7bc1c3a3680fdb001d69,"Well another super-sized Marvel Comics superhero saga hits the big screen with the selected savior Captain America taking the top billing on the marquee. Thus, the pulsating popcorn pleaser **Captain America: Civil War** arrives on the scene to giddy audiences that have been loyal and fixated on the successful spring of mighty Marvel heroes that have been paraded to viewers throughout the last few years. Thankfully, **Captain America: Civil War** carries on the tradition of spry superhero-studded spectacles that have been glorious and adventurous from the stable of Marvel-based movies guaranteed to win over the enthusiastic hearts of avid comic book fanboys everywhere. Joyously overstuffed and convincingly extensive with a super team armed with crime-fighting excess, **Civil War** seizes the moment to introduce a noteworthy twist: two factions of rescuing superpowers engaging in some explosive in-house fighting led by two of Marvel Comics main standouts in Chris Evans’s Captain America and Robert Downey Jr.’s Iron Man.

Co-directors Anthony Russo and Rene Russo were instinctively crafty to link the overly successful Iron Man film franchise to the **Captain America: Civil War** inner circle to ensure an even more treasured toxic atmosphere. Superhero fans will get a thrill of witnessing the extra add-ons concerning other dynamic titans to join the action-packed festivities involving Team Captain America versus Team Iron Man. True, **Civil War** has its share of flaws but that does not take away from this heroes-in-crisis flick demonstrating its ambitious overtones.

So what has caused the bad blood among the great and grand good guys known for protecting the world from evil dominance and destruction? Essentially the theme of collateral damage, the involvement regarding civilian-related deaths and injuries plus the world-wide backlash has created a controversy pitted against The Avengers. Specifically, Captain America (a.k.a. Steve Rogers) and Scarlet Witch/Wanda Maximoff (Elizabeth Olsen)  are responsible for the boisterous battle that caused such negative sensation resulting in political turmoil. Avengers head honcho Iron Man (a.k.a. Tony Stark) is dealing with his own personal regrets in the ill-advised creation of the unpredictable Ultron. The political authority want to hold Iron Man, second-in-command Captain America and the rest of the Avengers accountable for the global devastation that have taking its toll when trying to oversee the potential harm wreaking havoc on humanity.

Leading the charge in putting a watchful eye on the labeled reckless Avengers is Secretary of State Thaddeus Ross (William Hurt) that suggests the super group be monitored by the United Nations. Naturally friction develops between the superheroes that either agree with Ross’s UN restriction policies or disagree with being placed under a microscope that threatens to handcuff their free-wheeling heroic duties. All these contrasting beliefs eventually turn into epic back-and-forth confrontations where the raging Avengers are at odds with each other.

For Stark/Iron Man’s stance, he is willing to toe the line and ultimately agree that his crew needs to tone down their tenacious tactics as crime-stoppers. Iron Man’s consciousness, particularly in the case of a disillusioned mother (Alfre Woodward) making him feel guilt-ridden over her son’s death during an intense Battle of Sokovia, is probably the main factor behind his decision to have his team reigned in a bit from the political watchdogs. Siding with Iron Man’s viewpoint are the likes of Black Widow (Scarlett Johansson), Vision (Paul Bettany) and War Machine (Don Cheadle). As for Rogers/Captain America, he is not too thrilled being put in check by the intrusive governmental pencil-pushers that want to scrutinize the team’s every move. Standing with Captain America firmly are Falcon (Anthony Mackie) and the aforementioned Scarlet Witch.

On top of Captain America’s current Avengers-oriented strife in his contentious mingling with Iron Man and his ardent backers, he now finds himself trying to defend his old buddy-turned-wanted man Winter Soldier (Sebastian Stan) who is accused of killing civilians. Iron Man believes in Winter Soldier’s innocence and goes so far as to help him escape. Yes…Winter Soldier does come with more baggage attached to him–mainly in the form of the menacing Zemo (Daniel Bruhl).

The Russos and screenwriters Christopher Marckus and Stephen McFeely (all attached to the previous “Captain America: Winter Soldier”) provide the eyeful visual effects that predictably stimulate and effectively add to the overload of frenzied frolicking in this boisterous blockbuster. Certainly the deepened angst among this bombastic bunch works far more solidly than what was displayed in the stiffened and problematic Batman v. Superman. The notion that the entire globe and its leaders are weary of all the collective chaos at the hands of the Avengers trying to save their hides is a bit ridiculous. Besides, why are not the foes of the Avengers put on the hot coals for the societal ruination? It seems rather counterproductive to chastise the noble superpowers offering the safety of mankind yet the detractors not being grateful for the services that the Avengers bring to the table. It is somewhat convoluted to think that the global community are sour on our heralded heroes or that the heat generated within the walls will completely destroy the Avengers and their colorful, capable colleagues.

The movie’s aptly entitled **Civil War** does invite more punch to the proceedings especially when a who’s who of superhero showstoppers join the feisty fray at hand. The noted inclusion of defiant do-gooders are packed with the likes of Spider-Man (Tom Holland), the retired returnee Hawkeye (Jeremy Renner), Ant-Man (Paul Rudd), and nifty newcomer Black Panther (Chadwick Boseman). No doubt Captain America: Civil War is the impish and energizing launch pad for upcoming Marvel-induced movies waiting to make their future distinctive arrival on the big screen. Although Evans’s steady and charismatic Captain America more than holds his own as the solo act billed in the film’s title one cannot overlook Downey’s compelling Iron Man as the reliable source that lifts the profile of Evans’s Masked Wonder. This is indeed a collaborative big score for the glorified costumed cast but special kudos are reserved for Stan’s killing culprit as well as Boseman’s African president assuming the slick and resourceful Black Panther.

Yeah, **Captain America: Civil War** is true to its frenetic form as revved up entertainment preparing moviegoers for the upcoming summertime sizzle at the box office. After all, the on-screen Marvel Comics gravy train keeps moving merrily along so stay tuned.

**Captain America: Civil War (2016)**

Walt Disney Pictures

2 hrs 26 mins.

Starring: Chris Evans, Robert Downey, Jr., Scarlett Johansson, Sebastian Stan, Anthony Mackie, Don Cheadle, Jeremy Renner, Chadwick Boseman, Paul Bettany, Elizabeth Olsen, Paul Rudd, Daniel Bruhl, Alfre Woodward, William Hurt

Directed by: Anthony Russo and Joe Russo

MPAA Rating: PG-13

Genre: Superheroes Saga/Action and Adventure/Science Fiction/Fantasy

Critic’s Rating: *** stars (out of 4 stars)

**(c) Frank Ochieng**",2016-05-07,10
271110,Captain America: Civil War,2016-04-27,Captain America,57acf05cc3a36820750001c8,"The Russo Brother's and Marvel did it again! Read my full review here!

http://www.hweird1reviews.com/allreviews/captain-america-civil-war-review",2016-08-11,106
271110,Captain America: Civil War,2016-04-27,Captain America,57f40f319251417fe300171a,"**The heroes're divided and so the fans!**

Before watching this I thought what the Avengers are doing here. I believed they got the title wrong. Once I watched it, I'm still the same. Because it did not look like the Captain America's film, he never was dominated, so calling it as his film totally inappropriate. Technically, it is a third Avengers film and well done. I liked it, it was entertaining. But the Civil War means it's nothing a nation's war within, just these super-guys fight for themselves against what kind of administration they want to come under.

I think they have heard that people's complaint about blowing up the buildings during reviewing other films by bringing up this one. So they finger pointed those events in this narration and that is one of the reasons for the Civil War to take place. Particularly disturbing the public and loss of many lives when these powerful men fighting the bad guys. The fun part is they are off the street and had a most important confrontation of the film in a deserted airfield. So does it make people who were whining about that be happy?

I don't know, but as an entertaining film, it did everything it can give the best for the viewers. Like the title and posters reveal, the heroes are divided here and probably you're going to take a side. Like usual, I'm with the Stark. So if you're like me, then you would feel the annoyance with the opposite team, particularly like Antman and obviously Captain America's rebellious decision. It was like the world versus United States, because only Americans are behind Captain America. Anyway, I did not like dividing the fans and what this film has been a serious damage. I hope the fans won't take it seriously.

_8/10_",2016-10-04,160
271110,Captain America: Civil War,2016-04-27,Captain America,5895ee519251412e1600b62d,"Recently I have quite liked the Marvel movies that I have watched. Sadly I did not like this movie at all. The only reason that it does not get a zero or one star rating is cool special effects and a few laughs.

I want my heroes to be just that, heroes. Unfortunately this movie gets off on the wrong foot right away by not only “incriminating” the Avengers in the eyes of dimwit politicians and putting them on surveillance of a political body but to make matters worse it is the useless black hole of taxpayers money, the United Nations, that are supposed to surveil them. That pretty much ruined the movie right away for me.

When I though that it could not get any worse it actually does. In true Hollywood fashion the Avengers start to bicker and fight among themselves.

The few redeeming qualities of this movie is great special effects and a few fun comments that made me laugh from time to time. Even the ending is pretty crappy with the Avengers remaining divided and the main bad guy feeling that he achieved what he wanted.

Technically there is not really anything wrong with the movie. The actors are good, the filming is good and, as I wrote, the special effects are great. The story however is not my cup of tea to put it mildly. I cannot express how much I despised the story in this movie.",2017-02-04,283
271110,Captain America: Civil War,2016-04-27,Captain America,59ecf0f59251412a29001cca,"Good movie, love Captain American.",2017-10-22,543
271110,Captain America: Civil War,2016-04-27,Captain America,5b167ad80e0a262dd60153f2,"<b>A long form review originally posted in 2016</b>

It’s commonplace for me to need more than one viewing to really nail down my feelings on a movie, that’s particularly true of MCU, and even more so of this particular film. That all said, here is my initial reaction to _Captain America: Civil War_.

As is often the case, it’s hard to write down too comprehensive a post about a film this early on while remaining totally spoiler-free, so for starters, I’ll just go ahead and ask the thing that was on my mind from about five minutes in to _Civil War_: I want to know how it is that two guys who have a filmography so firmly rooted in sitcoms of all things, manage to direct action this spectacularly? Honestly. It’s insane.

_Winter Soldier_ is one of the strongest MCU films in my opinion, and just like that felt mostly like a follow up to both the prior _Captain America_ film and the prior _Avengers_ film, _Civil War_ feels the same, but for the sequels to said films (_Winter Soldier_ and _Age of Ultron_). That said, it might lean a little too far on to the side of _Avengers_-sequel, and a little too light on the _Cap_-sequel. If you had to pick a lead here, it would be Steve Rogers, no mistake, but this does feel like a film painted with a very broad brush of characterisation to be solely a “_Captain America_” movie.

Considering the sheer scope of the piece, it’s amazing that the Russo brothers managed to get the ball rolling on _Civil War_ as well as they did. Even so, there are a couple of roles I felt could have been cut altogether without really impacting the story, and that time could perhaps have been used to serve some underrepresented puzzle pieces. Perhaps both the inclusion in places and lack of inclusion in others is because of plans for future MCU films (though certainly not all instances can use that excuse) but either way, if I’m hunting for flaws, that to some degree is one.

I will say, that for all of _Civil War’s_ ups and downs (mostly ups), it is both a worthy entrant into Marvel’s franchise, and perhaps even more importantly, it actually even addresses some of the problems left in _Age of Ultron_. Of course the acting is all above board, the primary action set-piece is just dumbfoundingly fun, and the evolution of the mythology meshes with the universe at large.

_Civil War_ may not be my favourite superhero movie, or even my favourite MCU movie (I mean it also might be, I think I need to give it at least another two watches to be sure) but it might just be the best comic book adaptation movie. By that, I don’t mean it accurately portrayed the events of the Marvel “Civil War” event from back 2006, because that’s not even close to true. What I mean is, there are so many instances that manage capture the spirit of what the comics are. And you almost feel like you are watching one unfold before you on the screen. A glorious, squillion dollar, two and a half hour comic book.

Oh yeah. And the new superheroes introduced in _Civil War_? They’ve got me pretty bloody excited.

79%

-_Gimly_",2018-06-05,769
271110,Captain America: Civil War,2016-04-27,Captain America,5c842610c3a3684e95db3de3,"The Captain America movies have managed to ground the MCU by exploring the political and social climate created by the Avengers' existence. Actions have consequences and consequences influence more action.

Civil War isn't as focused as The Winter Soldier. It's also overstuffed with characters and fan service. However, the movie works by always being intriguing. Both sides of the conflict are portrayed as equally valid. The exploration of superhero accountability isn't anything new (explored in Watchmen and The Dark Knight), but it's nice to see it incorporated into a grand cinematic universe. Also, Captain Zemo is a better than average villain because while underdeveloped, his motive is interesting and not just ""destroy the world.""

Also, SPIDER-MAN IS FINALLY IN THE MCU!!!! 😁😁😁",2019-03-09,1046
271110,Captain America: Civil War,2016-04-27,Captain America,5e20f4fe397df00012969c6a,Captain America vs Iron Man. Setting 2 of Marvel's greatest heroes against each other was truly the fight of the century. Now that is an action-packed superhero movie!,2020-01-16,1359
271110,Captain America: Civil War,2016-04-27,Captain America,5e21dc22bfeb8b0015cf439c,"I'm on Team Iron Man on this one. Capt America's reason for me was a bit childish at least. Impressive fights, and with this one, the superheroes were forced to make choices and choose which team would they fight for.",2020-01-17,1360
271110,Captain America: Civil War,2016-04-27,Captain America,5e24a4591bf2660016fb1e73,"A truly spectacular movie! 10/10 Story, paired with great acting from the cast, alongside the introduction of new superheroes, made the experience worthwhile. I am so excited about what the next phase of the upcoming MCU films has to offer.",2020-01-19,1362
271110,Captain America: Civil War,2016-04-27,Captain America,5e24abd2a894d6000f3a4bb2,"I was loving every second of it! Fascinating action scenes, and it all came down to the point where all the Marvels heroes must fight to prove a point. All I can say is that I enjoyed the movie, and will definitely watch it again.",2020-01-19,1362
271110,Captain America: Civil War,2016-04-27,Captain America,5e24b4f75ed8e9001760c244,"Marvel did it again! Captain America: Civil War is a thrilling, action-packed Marvel movie that will surely entertain you through and through. The MCU became more tense because of the plot of the movie, and loyalty and friendship were put into jeopardy, and this one fractured the team to 2 sides.",2020-01-19,1362
271110,Captain America: Civil War,2016-04-27,Captain America,5e24bb2ccf4b8b0017f753a1,"Kudos to the Russo brothers for making a great Marvel movie again. Amazing choreography, fight scenes, chase scenes, and great stunt work.",2020-01-19,1362
271110,Captain America: Civil War,2016-04-27,Captain America,5e24c50ad6c30000114252ab,"At the end of the day, Captain America: Civil War is a movie about friendship and vengeance, and how these two things split the Avengers into 2 groups, and forced all the superheroes to make a choice on whom to fight for.",2020-01-19,1362
271110,Captain America: Civil War,2016-04-27,Captain America,5e24cadbbfeb8b0013d47195,"Both the mental and internal conflicts for this movie were so great! After the events of Age of Ultron, this pushed for the amendment of the law which was the catalyst for the splitting of the Avengers into two. Simply amazing!",2020-01-19,1362
271110,Captain America: Civil War,2016-04-27,Captain America,5e24d0aa1bf2660014fbcaa0,"I might give this movie an A+ rating. It is a great film, and I thoroughly enjoyed it. Thumbs up!",2020-01-19,1362
271110,Captain America: Civil War,2016-04-27,Captain America,5e259f8ea894d600123c4daf,"That's it? It is not terrible but I think it can go even further. Too confusing, not funny, Captain America's reason is childish, and I think it is just a showcase of special moves.",2020-01-20,1363
271110,Captain America: Civil War,2016-04-27,Captain America,5e26febc1685da0013dee788,"FRIENDSHIP? OR THE WORLD? Capt. America proves that being a friend means that even if the entire world is against you, he will be there with you till the end.",2020-01-21,1364
271110,Captain America: Civil War,2016-04-27,Captain America,5e270e97168935000f34c58a,"Civil War is just like the prequel for the Infinity War, where a lot of Marvel's heroes are showcased. More hyped to see what will happen after the Avengers were disbanded.",2020-01-21,1364
271110,Captain America: Civil War,2016-04-27,Captain America,5e2907f498f1f10018f529ea,"Spiderman and Black Panther's introduction to this movie made it a whole lot better. And we can expect that that is a foreshadow for their upcoming movies, too.",2020-01-23,1366
271110,Captain America: Civil War,2016-04-27,Captain America,5e29139998f1f1000ff56ae4,"This battle between Marvel's finest superheroes left me hanging on the edge of my seat. It was a great one, seeing how friends had to choose which side will they choose, and to fight for what they believe is right.",2020-01-23,1366
271110,Captain America: Civil War,2016-04-27,Captain America,5f6398a20816c70037ba289e,"Truly fantastic. Captain America Civil War showed the true colors for both Iron man and Captain America. It showed the relationships between the avengers and who they can really trust. I'm proud of what <a href=""https://paperhelp.nyc/"">paperhelp</a> did for this movie out ten this movie is a 100. It truly showed that when it comes to the Avengers everyone can be the leader (although I think Iron man's the true leader.)",2020-09-17,1604
271110,Captain America: Civil War,2016-04-27,Captain America,6007849aaf2da8003e90594f,"Awesome! My new favourite, so far at least.

What an absolute joy <em>'Captain America: Civil War'</em> is! It made 147 minutes feel like so much less. Great action, enthralling story, sharp humour and some impeccable use of the many, many characters; even introducing two new faces to the MCU. I won't spoil who, but they are massive additions and I love what they give to this.

It gives the perfect amount of screen time to all involved, there is no-one I wanted to see more or less of - it all felt very natural too, big kudos for that. Chris Evans is terrific, this is his best performance as Captain America thus far in my opinion. Robert Downey Jr. continues to impress, as expected.

Sebastian Stan as Bucky also sticks out, I didn't love that character in his preceding appearances but in this I really did connect with his story. Anthony Mackie and Don Cheadle remain good fun, while Daniel Brühl plays his role very nicely. Elsewhere, Paul Rudd's inclusion is amusing.

The whole film, as is normal in these productions, looks stunning. They are incredibly well made. As noted at the top, this is more new favourite from the MCU - surpassing <em>'Captain America: The First Avenger'</em>. I guess there's no hiding who my standout avenger is, eh?

The only 'but' I have for this is the title. It's practically an avengers film. I'm not saying it's an ill-fitting title, I get it's the titular character's arc, but I feel like it does the film a slight disservice - it's impacts much more than Captain America.

That's not a big deal, at all, though. No doubt in my mind: this is superb!",2021-01-20,1729
271110,Captain America: Civil War,2016-04-27,Captain America,643ee73660620a0313cc9f5e,Wow!!! Is the first thing that comes to mind. Insanely good movie. Plus the introduction of Black Panther.,2023-04-18,2547
271110,Captain America: Civil War,2016-04-27,Captain America,69c50dbabde6a137a81c83b7,"Rewatched for the Once Upon a Franchise podcast. Listen to the full episode here: https://open.spotify.com/episode/6pVTvEv7nAZTHniVUGDwoA?si=e8832adab95b405e

Rating: A+

Captain America: Civil War is the rare blockbuster that earns its massive scale by rooting every explosion in a deeply personal, ideological rift. I find the common complaints regarding its ""grey"" aesthetic to be largely misguided; the desaturated, grounded palette isn't a flaw, but a choice that mirrors the somber, concrete reality of a world where the heroes are no longer sure of their own morality. The Russo Brothers demonstrate a masterful command of an overflowing ensemble, ensuring that even late-game additions like Scott Lang or Clint Barton aren't merely glorified cameos, but essential textures that balance the movie's political weight with a much-needed ""human"" perspective. It's a film that demands to be taken seriously as a political thriller, refusing to offer easy answers to its central conflict of security versus liberty.

At its core, however, the movie succeeds because it understands that the most devastating wars aren't fought over world-ending MacGuffins, but over the ghosts of our parents and the lies we tell to protect them. The evolution of Wanda Maximoff remains a personal highlight; Elizabeth Olsen captures a haunting vulnerability that serves as the film's emotional anchor, turning her fear of her own power into a poignant subtext for the entire Accords debate. And then there is Zemo — a villain who proves that a single grieving man with a plan can be more lethal than an alien army. By the time we reach that claustrophobic, brutal final encounter in the Siberian bunker, the spectacle has stripped away, leaving only the raw, agonizing destruction of a friendship.

It's a haunting, perfectly calibrated tragedy that remains the gold standard for shared-universe storytelling.",2026-03-26,3620
1726,Iron Man,2008-04-30,Iron Man,59cc634fc3a3682aa30065a3,"Imaginative illustration of an epic story. It combines the modern background society, e.g. terrorism, with the unconventional high-tech fantasy. Our leading actor Robert Downey Jr. deeply embodies the soul of the Iron Man in himself. We common people never lived this way :P",2017-09-28,3438
1726,Iron Man,2008-04-30,Iron Man,5b1520a00e0a262df1009196,"**A long form review originally posted in 2010:**

Marking the beginning of the latest Marvel franchise, _The Avengers_, is Jon Favreau's _Iron Man_.

I'm quite fond of Super Hero movies, I don't love them to the same extent that I do the slasher or psychological thriller genres, but they do hold a small place in my heart all to themselves. I'm pretty pumped for this whole ""Avengers"" thing to come to fruition, 'cause honestly it's all been great so far, starting with Iron Man, whom Robert Downey Jr. (_Natural Born Killers, Gothika, Kiss Kiss Bang Bang, A Scanner Darkly, Zodiac, Sherlock Holmes, Due Date_) portrays, and incredibly so.

It's important to set yourself a starting point. More specifically, what I mean is, a reason. Batman's parents were murdered, and his home was destroyedby crime; The Punisher's whole family was murdered in front of him and he big-time snapped; characters like the X-Men and the Fantastic 4 are defending themselves and end up having a penchant for world-saving. Those are all fine, and so long as you have one, I'm happy. But I really kind of like Tony Stark's reason for becoming Iron Man... He's a dick. That's why. He's a dick that supplies the world with the most lethal weapons in existence, and they take lives left, right and centre. Then, he's put through the world where they get used, and finally is told by the person who helped him escape that world, not to waste his life. He believes he is still alive for a reason, he decides that reason is to become a dick that is intent on privatising world peace. Which I think makes perfect sense.

That may have come across as sarcasm, but I was deadly serious. Tony Stark becomes Iron man, and that's why. It works fantastically. We then get to see all the incarnations of his suit, how difficult it was to make, what it runs on, the technology, everything. And I'm a huge fan of back story, which Iron Man delivers.

It's sort of the antithesis of DC's _Batman Begins_. Though they're both young adults that come from money with no family, a British butler (although Iron man's butler Jarvis was transformed into AI for the film [he was an actual person in the comics]), they have a board of directors take care of their family's billionaire business until they're ready to eventually take the reins, they both become ""____ Man"" and go about saving the innocent, not through superpowers but technology. I'm sure I could go on. But they're also incredibly different. Where Batman is a total bad ass, the gothic unknown defender of the night that uses fear as a weapon to protect his home town, and yet refuses to kill; Iron Man is a bright, shiny, loud attention grabber, who goes all international to fight crime, he wants the world to know he's Iron Man and his enemies are totally lame, so no wonder he has no qualms about killing! Batman's secret identity, Bruce Wayne, is an angsty tosser, that tries way to hard. But Tony Stark, is a witty, brilliant inventor, who has basically harnessed all of Batman's training, strength, weapons, vehicles and flight, improved them, and put them in to a single suit. So though I personally prefer Batman as a hero, I prefer Tony Stark as a character.

The interaction between Stark and Pepper Potts, played by Gwyneth Paltrow (_Se7en, The Talented Mr. Ripley, The Royal Tenenbaums, Sky Captain and the World of Tomorrow_) was incredible. It just goes to show what good casting can achieve, even in an action flick, the dialogue is hilarious and clever. Is it possible for a Super Hero movie to be a bad Super Hero film but a great film? I guess it is.

The antagonists are lacking to say the least, and their dispatching leaves even more to be desired. Which is normally not too huge when you get the rest so perfect, unfortunately, it's a comic book film, about Super Heroes, and Super Villains. They fight one another over and over, in fact that's pretty much what the comics are about in their entirety, so it's quite a major short coming. That being said, it's really the only one that _Iron Man_ has. In a way though, they're a similar comparison to the latest Batman films again; Iron Monger and Whiplash are flashy, but disappointing, where The Joker, Two-Face, Scarecrow and Ra's al Ghul are top notch as bad guys. Whereas Ironman's Obadiah Stane and Ivan Vanko were great characters, but Batman's The Joker is only seen in his villain persona, and Harvey Dent, Jonathan Crane and Henri Ducard are nothing more than vessels for their alter-egos.

All that aside, the film is just plain good, and you don't need to be a fan of Iron Man, Super Heroes or comics in general to enjoy _Iron Man_.

82%

-Gimly",2018-06-04,3687
1726,Iron Man,2008-04-30,Iron Man,5c8427cc0e0a2642fe63694b,"Iron Man did a lot more than just launch the Marvel Cinematic Universe. It was the first comic book movie in a long time to integrate the fantastical nature of superheroes and supervillains into a real world setting with consequences. It also showed how great of a filmmaker Jon Favreau is and rebooted the career of Robert Downey Jr.

For all this, Iron Man is a fantastic movie, still one of the best MCU films. It's so much fun to watch. Yet it displays a lot of intelligence, exploring the internal dilemma of a man profiteering off war when faced with the harsh reality that he is part of a system that corrupts absolutely.",2019-03-09,3965
1726,Iron Man,2008-04-30,Iron Man,5e4a051a9b8616001662e541,"When director Jon Favreau and Sarah Halley cast Robert Downey Jr, they glimpsed something magnificent: a more-than-skilled actor who faultlessly portrayed the role of Tony Stark. Despite Favreau's initial decision in choosing a fresh face, he ended up delighted due to his charismatic, natural and comfortable attitude. He did not realise it yet, but he was moulding with the right measures a whole superhero cinematic universe which lasted until today and still goes for more.

The filmmakers took the proper time to introduce a character whose production was undecided since New Line Pictures argued that the main character [Iron Man] had no potential to be brought up to the theatres. Therefore, planning from scratch a prosperous superhero who was not related to the typical Fantastic Four, X-Men or Spider-Man [famous superhero films of the 2000s] was quite a challenge. However, the director unquestionably demonstrated his skills at the visual effects, the rock metal music, the accurate dialogues for each moment and finally, the remarkable development of each persona. How exactly?

Establishing the visual effects of a high-speed-altitude enthusiast was marvellous, considering the time of the creation. The way Favreau adjusted the Iron Man gave numerous innovative perspectives of a superhero while in battle. If we first watched the 'Spidey Sense', then it was time to behold the flying upper and upper. What an achievement ladies and gentleman! Taking into account the sound effect, it was splendid in every single way because it gave decent time to evoke emotions, from sadness to awesomeness, it permitted to feel the sensation of building a strong armour or flying as fast as possible. 

Man! That AC/DC hard rock music was well-defined to this fascinating character. Did I mention that Downey's son is growing on music? He has a band, and it's called ""The Dose Band"". Just watch the School of Rock's report. Probably there is where the influence came by. On the other hand, this film gives such iconic quotes which will live on our memory: ""Is it better to be feared or respected?"", ""Sometimes you gotta run before you can walk"", ""I am Iron Man"". WOW! What potential we have got here! Finally, but not least, the impeccable action scenes and drama ones were the highest achieves Iron Man had got. The sequence in the cavern traped with Dr Yinsen serves to the protagonist time to reflect on himself and the responsibility he has in protecting the world against high-tech diseases.

Plus, the very unusual but gorgeous chemistry between Tony Stark and his secretary/companion Pepper Potts is another striking feature which is not considered at all was. When Kevin Feige, the current president of Marvel Studios, was asked about his desition about casting Gwyneth Paltrow he confessed the following: ""Gwyneth is the embodiment of a leading lady. She brings intelligence, poise and an incredible range of talent to this role"". Throughout the movie, these two characters happened to be facing their professional and sentimental relationship naturally owing to the Iron Man. The way Pepper Potts clings on to the fact that his beloved boss is in troublesome scenarios, it's just pure tenderness and shows how much potential this couple has.

The cast assuredly introduced not only convincing performances but strong characters which will be handy for the following Marvel instalments, just watching Jeff Bridges as the badass Iron Monger is superb! The film producer nailed it! If someone asked me about the flaws it has presented, probably I would say the dark tone, some petit explicit scenes (bearing in mind there are children as spectators) and the lack of sense of humour at times. Still, it is mostly pure perfection.

[83/100]",2020-02-17,4310
1726,Iron Man,2008-04-30,Iron Man,5fff7be5678259003f9c26bd,"My first taste of the Marvel Cinematic Universe. A great start!

I absolutely enjoyed seeing <em>'Iron Man'</em>. Robert Downey Jr. is terrific as the titular character, who is a blast to watch throughout - love the design! The plot is very entertaining, I like how it tells the story; simply, but very effectively. Terrence Howard, Jeff Bridges and Gwyneth Paltrow, meanwhile, all add to the film with good performances.

The special effects are very neat, as are all the action sequences. I will say the score isn't the strongest, at least in terms of what I'd expect from this sorta film. I wouldn't say it's bad per se, just not as spectacular as it could've (should've?) been; especially with someone like Ramin Djawadi composing. I love a film with great music, so hopefully that improves as I watch the MCU expand.

I know, I'm extremely late to this particularly party but happy to finally begin watching.",2021-01-13,4641
1726,Iron Man,2008-04-30,Iron Man,62b2f1cdc2bcc60064d23b74,"**An excellent film, which only loses a little in some details related to the writing of the script and the conception of some characters.**

I'm not a fan of superhero movies, but like any movie fan in general, I've seen a good handful of them. This was the first film made by Marvel and financed by the company itself, and it brings us one of its most acclaimed heroes. The film shows how a young playboy millionaire named Tony Stark, with a fortune inherited from his father and largely made from the production and sale of weapons, becomes a vigilante determined not to allow the misuse of the weapons he sells. I don't know much about comics, but I believe that the film was limited to adapting to the cinema a story already written on paper about the origins of the character, giving it, perhaps, a touch of the present.

The plot is one of the strongest points of the film, not only for the way it introduces the character in the context of the current geopolitical conflicts (with the Middle East issue very present), but mainly for the way it transforms Tony Stark into a deeper character, who lives a catharsis that opens his conscience to questions that he was not sensitive enough to understand. Put more simply, if initially Stark was a rich and spoiled idiot, he ends the movie with another awareness of what he should do and how his attitudes influence the world around him. However, I also felt that once Stark realizes what he has to do, and it becomes clear who the enemy is to defeat, the script quickly loses quality and becomes much more basic and underdeveloped.

With a skillful direction provided by Jon Favreau, the cast gave us a very good performance. Of course, the public's attention is focused on Robert Downey Jr., an actor who started working in the 80s, but only began to emerge at the turn of the millennium, with some productions (*Gothika*, *Good Night and Good Luck*, *Zodiac*) that he entered before accepting Marvel's proposal. He is perfect in character and gives us his life's work as an actor. Beside him, we can still admire Gwynneth Paltrow, in a more discreet but competent role. The villain was secured by Jeff Bridges, but his work is not so well executed and the actor sometimes doesn't seem to know exactly how to behave in the character.

What can we say about the production values ​​and technical quality of a movie with a millionaire budget of 140 million dollars? It is a film determined to be a blockbuster, which fully achieved all its objectives, earning high profits, pleasing the fans and achieving high praise from the general public and the specialized critics. And the money invested is in plain sight, with a declared bet on very high quality CGI, wonderfully well-executed sound and image effects and really good sets and costumes (with great emphasis - obviously - on Iron Man's suit and Stark's mansion). The cinematography is excellent, the filming work was really well done, and the editing was detailed, giving the film a pleasant rhythm that doesn't tire us out. Finally, a note of praise for the excellent and epic soundtrack.",2022-06-22,5166
1726,Iron Man,2008-04-30,Iron Man,63e70b189512e100cd71482a,"**Iron Man had all the class, quirks, genius, and fun to birth one of the greatest film franchises in cinematic history.**

The movie that started it all. That created the personality of a multi-billion dollar entertainment behemoth. That introduced the world to the first of many characters that have become household names and cultural icons. Iron Man stormed on the screen with a lead actor that Hollywood had given up on and a small start-up studio without a single movie under its belt backed by Disney, who had little to no live-action comic experience of their own. But director Jon Favreau’s adlibbed approach leveraged the strengths of his cast and created a world that was simultaneously realistic and magical - where a man could build a flying suit of armor, or a Thunder god could fall in love with a quirky mortal. Many forget that Robert Downey Jr’s personal struggles had left him blacklisted by many in Hollywood, making his casting a risky stroke of brilliance. The result of all this was precisely the lightning in a bottle needed to birth the Marvel Cinematic Universe.",2023-02-11,5400
1726,Iron Man,2008-04-30,Iron Man,64a4ef88158c8500acb3e480,An ok movie. I just wish there was more action. The storyline was great but could have been a lot better with more action.,2023-07-05,5544
1726,Iron Man,2008-04-30,Iron Man,665e05b5c2f305b5831f77e4,"Having inherited his father's skill, ""Tony Stark"" is supplying just about every bit of military hardware to the US Government. On a trip to Afghanistan, however, his convoy is ambushed and he is seriously injured. He awakens in a cave, held hostage by insurgents, and with the help of co-captive ""Yinsen"" (Shaun Toub) must use all of his skills to stay alive and to find a way out of his predicament. Cannibalising just about every bit of kit he can find, he concocts a power source to keep him alive and a suit of armour that enables him to fight his way out. Once free, he determines to further hone this flying suit of armour and use it for the common good. His business partner ""Vanko"" (Jeff Bridges) soon realises there are other, more lucrative, uses and a conspiracy is soon afoot. Can ""Stark"" thwart him and save the day? As ever, there is no jeopardy whatsoever - what this is, is a fun action adventure with loads of top notch visual effects and quite a bit of humour in a script well delivered by an on-form Downey well supported by Gwyneth Paltrow and a solid cast. The ""Iron Man"" stories are not the most complex. It's a pretty linear depiction of good and evil - though it does, at the start, demonstrate some of the ironies of the weapons supplies industry. It's overly long, we spend just a bit too much time getting going, but once it does - it is worth a watch on a big screen.",2024-06-03,5878
1726,Iron Man,2008-04-30,Iron Man,68794eca270cda076f04ec76,"The true miracle of Iron Man isn't just that it launched the biggest cinematic franchise of all time - it's that it works so well on its own terms. Made without a finished script and relying heavily on actor improvisation, the film somehow emerges as a cohesive, emotionally resonant origin story that still holds up nearly two decades later. Robert Downey Jr. doesn't just play Tony Stark; he *is* Tony Stark, embodying a character arc that transforms a narcissistic billionaire into a man of purpose with surprising nuance and authenticity. His natural wit, emotional intelligence, and lived-in charm carry the movie, but it's the grounded direction - practical suits, real locations, restrained CGI - that gives Iron Man its timeless grit and weight. The first suit-up scene alone remains one of the most satisfying moments in the entire MCU.

Jeff Bridges gives Obadiah Stane just enough calm menace to make his escalation feel earned, even if predictable. And Gwyneth Paltrow's Pepper Potts deserves more credit - not just as the emotional anchor to Tony's chaos, but as an active player in his survival. The emotional beats - from Yinsen's death to the rescue in the desert, from ""don't waste your life"" to ""it's going to be okay"" - hit harder than expected, enhanced by a surprisingly effective score. Iron Man remains a testament to character-first storytelling, and even after 30+ entries, it still comfortably sits in my MCU Top 10.

Rating: A",2025-07-17,6287
10138,Iron Man 2,2010-04-28,Iron Man,589c57e1c3a3686ef900437d,"It was understood that the theaters would be sold out but when the three of us came there we just couldn't accept NO for an answer. So we were finally able to buy tickets BUT we were seated separately. It was fine though. The movie kept me entertained. Except for the guy near me who was snoring pretty loud, the movie was great.


Of course Robert Downey Jr was amazing as always. There might be weird critics with this movie but for me, I liked it. The action scenes were just right. It wasn't too much and it wasn't too little. It was weird seeing Don Cheadle though play Terrence Howard's character. I like Terrence better. And then there's Scarlett Johansson who is really sexy although I think there weren't that many acting for her in this movie. There weren't many lines. And what was weird also was that in this movie, the chemistry between Tony Stark and Pepper was not that much compared to the first movie although in this movie they actually ended up together. But all in all I liked the movie. Seeing old characters from the first movie and new characters. I can't wait for a 3rd Iron Man movie.


My rate for this movie is B+.",2017-02-09,2479
10138,Iron Man 2,2010-04-28,Iron Man,5a5620389251417aa6023438,"Yet another ridiculously high rated Marvel movie, we get it Marvel fanboys you just love it when a new Marvel movie comes out, so much that you forget any flaws in it and give it a 10 or a 9 anyways.

But come on seriously? Wouldn't you rather they spent a little time at actually writing a somewhat decent script and making it a bit more entertaining than to praise EVERYTHING they do to the skies just because you want a new chapter in the Marvel universe?

Cause this is NOT a good movie, 35 minutes of decent at best action and 85 minutes of nonsensical blabber.

Mickey Rourke was the only highlight in this movie, the scene at the racetrack with him was really cool but then he just became a wasted opportunity just like the rest of the movie.

A really boring turd of a film.",2018-01-10,2814
10138,Iron Man 2,2010-04-28,Iron Man,5b1521e60e0a262ddc008184,"**A long form review originally posted in 2010:**

I find, the best way to look at this movie, is as two movies. Sounds strange I know, but bear with me.

On the one hand you have this Super Hero movie, it's about the main character, Iron Man (Robert Downey Jr.), flying around doing comic book-character type stuff, and it's this pretty okay action film that's worth taking a look at. Then, there's this drama with a hint of comedy, this other film isn't really a genre, it's just about the characters interacting with each other, it's about the main character, Tony Stark (Robert Downey Jr.), driving around doing billionaire-playboy type stuff, and this movie, is fucking great. Part script, and part flawless acting, this movie sets _Iron Man 2_ apart from any other Super Hero film out there. It was explored in the first film, and you get a similar thing there, but in this movie the division is more clear, and it bizarrely benefits from it.

When films go franchise-style, it's inevitable that there will be scheduling conflicts, it's an unfortunate part of the industry, particularly when you have a deadline to meet, and for whatever reason, an actor will be unable to return to their original role. Such an event takes place in _Iron Man 2_ when Lt. Col. James ""Rhodey"" Rhodes (originally played by Terrance Howard) is replaced by Don Cheadle. I personally think that Howard was better suited to the role, simply because he looks more like Rhodey does in the comics. But their way of dealing with the changeover is simple, and clever, the character's first lines, whilst making perfect sense in context, are ""Look, it's me, I'm here, deal with it. Let's move on. Drop it."" Very classy.

Although Mickey Rourke (_Get Carter, Sin City, The Wrestler, Man on Fire, The Expendables_) manages a very convincing evil Russian; Ivan Vanko, who's a perfectly good character, Whiplash as a villain is unfortunately somewhat lacking. Sam Rockwell (_The Green Mile, The Hitchhiker's Guide to the Galaxy, The Assassination of Jesse James by the Coward Robert Ford, Frost/Nixon, Moon, Conviction_) plays Justin Hammer, corporate rival of Stark's. Scarlett Johansen (_Eight Legged Freaks, The Girl with a Pearl Earring, The Island, The Prestige, The Spirit_) is another good addition to the cast, in the role of Natalie Rushman A.K.A Natasha Romanoff A.K.A Black Widow. Samuel L. Jackson (_Jurassic Park, Pulp Fiction, Jackie Brown, The Starwars Prequel Trilogy, Shaft, S.W.A.T, Kill Bill Volume 2, Snakes on a Plane, 1408, The Spirit, Inglourious Basterds_) portraying S.H.I.E.L.D Director Nick Fury, rounds out the newbies in the cast. And it's all good news.

The Hammerdrones are an attempt at revamping the whole boss-battle that was such a let down in the original film, which honestly, once again didn't really work out. Once again it's a case of the character interaction that makes the film what it is. The effects also went a long way in the line of helping out the film, 'cause they were awesome. There are a couple of negatives in the script, just those moments when the suspension of disbelief is not... suspend-y enough. As for example the line; ""Congratulations sir, you have created a new element"", is a little flawed.

Though if I was forced to choose between them, I would probably say that _Iron Man_ is the better of the two films, but _Iron Man 2_ has a better re-watch value in my opinion, which I prize highly. I wait with baited breath for the next Marvel film to come out, _Thor_.

63%

-Gimly",2018-06-04,2959
10138,Iron Man 2,2010-04-28,Iron Man,5c84278892514127691f7b64,"Honestly, it took me three tries to get through this movie once. It kept putting me to sleep.

The cast do everything they can to make their scenes entertaining, but Iron Man 2 is a just an absolute waste of two hours and $200 million. 1: The stupidly integrated villain Ivan Vanko who is given no backstory or true relatable motive (even Mickey Rourke was pissed at how his character was handled). 2: The pointless subplot of how Tony Stark has to create a new element to save himself. 3: The sloppy introductions of both SHIELD and Black Widow. There's very little here that is of any actual entertainment value, or at least to balance out how tedious the whole movie is to watch. No wonder why Jon Favreau left to make more personal works.",2019-03-09,3237
10138,Iron Man 2,2010-04-28,Iron Man,5ed43badaaec71001f6f1b34,"Says a lot, but took now a decade to finally see this sequel. Certainly belongs in the lower tier of the MCU as the plot really felt disjointed and even though it was only two hours, really short for a comic book movie nowadays, still felt so much longer. That said, had a few okay moments yet can't really say anything stood out. **2.75/5**",2020-05-31,3686
10138,Iron Man 2,2010-04-28,Iron Man,600234dc2f7915003e99efc3,"<em>'Iron Man 2'</em> is good, nothing special, but good.

Robert Downey Jr. is just as entertaining in the lead role, while the specials efforts are again pleasing. The score, which I found slightly lacking in <em>'Iron Man'</em>, is improved. The plot isn't as interesting, or all that creative, but it's done well enough that I didn't ever feel bored; though some of the pacing is off.

I like Don Cheadle so it's good to see him come in, even if his character is rather forgettable. Scarlett Johansson is also a solid addition, though Sam Rockwell didn't do anything for me in his role. Mickey Rourke is fun enough as Ivan.",2021-01-16,3916
10138,Iron Man 2,2010-04-28,Iron Man,62d2439e5f4b7300560d0724,"**A predictable sequel that continues the story of the first film without, however, being as good as it is.**

After an excellent first movie, this was a predictable sequel, but I have to admit that the movie is a bit over the top and that, sometimes, it feels like a very expensive video game. Furthermore, the main character, Tony Stark, is perhaps one of the nastiest and most irritating comic heroes, and this movie seems to try to accentuate that by turning the protagonist into a spoiled playboy who has expensive toys and looks at women like if they were, also, toys. Okay, I know the character was also portrayed like that in the original books, even though I'm not a comics fan. But the movie could give something that made Tony Stark someone we could really care about.

In this film, the hero will face his first great antagonist, the son of a Soviet scientist that Stark's father knew. At the same time, Stark has to face the US Army, who are eager to get their hands on the combat suits he created, discovering that his father knew of a new chemical element, not yet officially discovered, and in which lies the key for the survival of Stark himself. With these brief lines, we can see, right away, that the script is not exactly one of the strong points of the film. The feeling that remains is that the script shoots in several directions, trying to create a more complex story, but that something got in the way and prevented that objective.

The cast basically has the same names as the previous film. Robert Downey Jr. is back to the red armor for yet another film, where he has shown himself to be deftly sarcastic and irritating without losing his heroic pose. Mickey Rourke is a welcome addition to the cast, playing the villain. The actor was able to adapt to the character quite competently. Samuel L. Jackson, Gwyneth Paltrow and Don Cheadle also return, but they don't do more than they did in the previous film, still fulfilling what was asked of them. Scarlett Johansson deserves a praise for her work here, but the rest of the cast just do what needs to be done.

The film is yet another very expensive blockbuster, abundantly financed by Marvel, and it is very obvious that it will become one of the most watched films of the season. With so much money and financial interest involved, the film was doomed to a loud and flashy bet on high-quality, but still obviously false, effects and CGI. The film has a lot of action and the fights are excellent, although obviously choreographed and stilted. The cinematography is crisp, vibrant, and magnificently beautiful. The film bets a lot on quality props, good sets and costumes, as well as a good soundtrack.",2022-07-16,4462
10138,Iron Man 2,2010-04-28,Iron Man,63471af39bcd0f007d3245fc,"Watched in chronological order 2022.

Genius bachelor who's also an idiot makes more advanced toys and fights his company betraying him. Dead daddy's secret message saves the day. Meh.",2022-10-12,4550
10138,Iron Man 2,2010-04-28,Iron Man,64a503b05a991500c603bf87,Again an ok movie. Now there's 2 iron man's kind of dumb. I hated that part of the movie but storyline once again is the only good thing.,2023-07-05,4816
10138,Iron Man 2,2010-04-28,Iron Man,66655e0fcac4b906eaefeb7e,"Sadly, this is really quite a lacklustre sequel that takes formulaic to a whole new level. ""Stark"" (Robert Downey Jnr.) has now been outed as the eponymous super hero, and just about everyone is after his technology. Aside from Uncle Sam, it appears that the son of his now deceased business partner - ""Ivan Vanko"" (Mickey Rourke) - is first in the queue. Armed with some pretty impressive laser whips, he is out to avenge his poor dead dad. Meantime, business rival ""Hammer"" (Sam Rockwell) sees an opportunity to capitalise on this by offering the government a drone army that could do the peace in our time bit, but of course he has a megalomanic ulterior motive... Though the film looks good, and there are plenty of action scenes with pyrotechnics and airborne antics, the scenarios recycle themselves once to often. There is no jeopardy, and both Rockwell and Rourke really just substitute excessive ham for menace. Most of the originality and humour of the first film has been lost, indeed this is just a bit relentless and actually quite dull. Perhaps because so many of the other MCU characters are more interesting than this one? I don't know, but though I enjoyed it on the big screen, I was actually quite bored by it all.",2024-06-09,5156
10138,Iron Man 2,2010-04-28,Iron Man,68920f75d565f8eacc2625c1,"Iron Man 2 tries to juggle too much while saying too little. The sequel to one of the MCU's strongest origin stories ends up feeling like a bloated reiteration of its predecessor's character beats, offering little growth for Tony Stark outside of a rushed subplot involving a new element. Stark's ego-driven spiral is presented through repetitive party scenes and immature antics, undercutting the emotional maturity gained in the first film. While the seeds of a compelling moral debate about superhero regulation - later explored in Captain America: Civil War - are planted here, they're barely scratched, resulting in thematic range without meaningful depth. It's also hard not to feel that Rhodey's first time in the War Machine suit, used to restrain a drunk Tony, is both narratively underwhelming and unfair to the character.

Still, the movie isn't without its redeeming moments. Scarlett Johansson is perfectly cast, and despite limited development, Natasha's hallway fight is a highlight of early MCU stunt work. Don Cheadle brings a more fitting energy to Rhodey than his predecessor, and the Monaco Grand Prix sequence still holds up as a thrilling centerpiece, featuring one of my favorite Iron Man suit-ups. Sam Rockwell's Justin Hammer is cartoonish but entertaining, and Ivan Vanko, despite his cliché motivations and odd quirks, offers some striking visual menace. That said, the climax is too dark and chaotic to leave a lasting impact, and the increasing reliance on CGI-heavy green-screen work begins to show. Ultimately, Iron Man 2 feels more like a bridge to bigger MCU plans than a worthy standalone sequel - not without entertainment, but certainly lacking focus.

Rating: C+",2025-08-05,5578
68721,Iron Man 3,2013-04-18,Iron Man,58ac47a1c3a36849e0012c9a,"There can be many reasons why the original director of a franchise may decide not to return for a sequel, though they all usually have in common that they're very Hollywood-politically-correct. So exactly why Jon Favreau decided not to helm the third instalment of what is, for all intents and purposes, 'his baby' Iron Man, I can't be sure. But I can tell you one thing: something definitely changed.

Everything about IM3 feels different from its predecessors. The atmosphere is darker, which is not to say it's really just a lot less humorous (which is – let's be honest – precisely what we love about Iron Man). The new characters are terribly underdeveloped and overall it's just a great deal less interesting. The storyline was completely vague to me; I'm still not really sure what the whole point of it was. And probably the biggest flaw of all – the first two films had really cool, interesting villains. This one's just really quite weird and not charismatic at all. Possibly at the core of the problem is the fact that it wasn't just one bad guy, it was many. The leading roles are shared by Guy Pearce and Sir Ben Kingsley, and – big shock – it was the latter who disappointed me the most. Not only was his role quite small, I thought it was also incredibly lame. I'd love to explain to you why, but that would be a major spoiler. I noticed some people in the audience laughing at the plot twist of Kingsley's character, but I thought it was just completely stupid and weak, and a total waste of such a great actor. Pearce is not bad, but never really manages to elevate his villain to a higher level, largely because he had zero character development to work with. Same thing with Rebecca Hall. Or the rest of Pearce's cronies for that matter... Too many to count. Sigh.

Well, at least we still have Robert Downey Jr. He's as reliable as ever when it comes to carrying a film, but even he can't help it that his character is almost boring in this one. Where's the humour!? Where's the cynicism we all know and love?! Where's Tony bloody Stark! This is not the familiar overconfident, pompous macho we adore. All of a sudden, and for NO apparent reason whatsoever, this guy is insecure and suffering from anxiety attacks! What the F! Not to mention the fact that his superhero alter ego is almost completely absent for half of the film, because he's off somewhere in the middle of Tennessee finding himself or whatever... I mean, geez... I know the director left, but didn't any of the screenwriters return either? The fact that Pepper Potts had only about two minutes of relevant screen time also certainly didn't help. And when she was there, she was humourless and annoying. Big sigh.

The more I think about it, the more I'm having a hard time trying to think of good things to say about this film. At least the visual effects were solid, and the sound effects were awesome.

This was actually the first time I've seen a film in 3D. I've always avoided it because I was sure that it would be a complete distraction from the story. Turns out I was right in my assumption. I found it hard to focus on what was really going on, and this might have definitely been an influence in trying to follow the plot, so there's a big chance I missed a few things. Nevertheless, I can't help being very disappointed with Iron Man 3, especially since I love the first two so much.

This is definitely a filmmakers' case of ""could've, would've, should've"". They obviously tried very hard, but never quite manage to get there.

No story, no interesting characters, no filler. Nothing. Too bad.
_(June 2013)_",2017-02-21,1405
68721,Iron Man 3,2013-04-18,Iron Man,596199589251410b860cc5ef,"This was probably the first time a movie has made me this angry in the theater.  It pissed me off then and it still pisses me off when it's on television.  If I could summarize this film in one word, it would be: obnoxious.  I wasn't really hyped for this film but I was expecting to have some fun since I did enjoy the previous Iron Man films.  This was the movie that made me start to dislike the character of Tony Stark/Iron Man (RDJ is still the man though).  Stark's narcissism had charm in the previous films but here, it made him into a complete idiot, dick, and coward. The Mandarin had potential to be an effective villain but the movie scraps him for a more lame villain than Justin Hammer from Iron Man 2.  The comedy was forced and annoying and the story has plot holes that were distracting.  I watched Thor 2 a while after this released but the taste from this movie was so bitter that even though I thought Thor 2 was alright, I just didn't want to see anymore films from this cinematic universe.  This movie is what killed the MCU for me.",2017-07-09,1543
68721,Iron Man 3,2013-04-18,Iron Man,5a6a3c789251412255003272,"I have to say that I was somewhat disappointed by this third instalment of the Iron Man series of movies. Sure Robert Downey Jr. as Tony Stark is quite funny (not always but a lot of the time) and there are plenty of nice special effects and things being blown up.

However, the story is just crap. The premise of Killian using the Mandarin for terrorism to cover up the fact that his experiments occasionally fails is just ludicrous. The Mandarin himself is a joke and another good example of how ignorant script writers just pick names out of existing material and uses them not caring how much they screw up established characters and world building already done. Whoever wrote this script should be ashamed of himself.

What is worse, the entire movie is very anti-Iron-Man. It starts right of with Stark being obsessed by his Iron Man suits and a lot of harping about him stopping being Iron Man. Most of the time Stark is running around without his suit and the few times he is in it then the suit does not work properly or is shot off him almost immediately. Actually, most of Stark’s cool stuff is just shot to hell most of the time. 

The end is full of fireworks but again, it is mostly a display in how you can destroy Iron Man suits and some more anti-Iron-Man crap.

I cannot say that I did not enjoy watching the fireworks and special effects but as a whole I am disappointed with this movie.",2018-01-25,1743
68721,Iron Man 3,2013-04-18,Iron Man,5b166e99925141782b0121ec,"**A long form review originally posted in 2013**

_Iron Man 3_ brings us into the so called “Phase 2” of the Marvel Cinematic Universe. But it does so in a flawed way. I’ve said it before and reiterate it here, there is no such thing as a perfect film. But since _The Avengers_ set the bar so very high, following that up proved to simply be too much for Black’s entry to handle.

There are a great deal of inconstancies, plot holes, stupid moves, illogical choices, and weak moments (though less than much of the internet would have you believe). These issues are not enough to lead to _Iron Man 3’s_ complete and utter downfall, but they do force a sour taste into the piece overall.

This isn’t to say it’s a bad movie though. In fact it’s actually quite good. It surpasses the quality of _Iron Man 2_ and plants itself firmly in the MCU rather successfully. A move which only _The Incredible Hulk_ failed to make, but still. Yes it has its problems, yes we’d hoped for better, and yes I’ve got complaints, but the movie is not at all a failure. Manages to come full circle in a way that still leaves Tony Stark & Iron Man a future in the Marvel Universe.

Shane Black and Drew Pearce manage to bring in a sense of vulnerability that was barely touched on in the past MCU works. Even the minuscule Steve Rogers of _Captain America_ seemed in control of every situation. But here we see Tony Stark as not only a breakable man, but a man in general. The most human of any Super Hero appearance in the MCU to date. Yes the Robert Downey Jr. wit that all have come to expect from the piece is still on the table, but in between and beneath that there’s an insomniac with extreme anxiety disorders living separated from the real world, too invested in his work and shattered identity to live as the Stark everyone expects him to still be.

Pepper and Rhodey are even given a chance to pick up the slack. The three form this sort of protagonist trinity, Saving one another in a round-robin Super Hero-y way with a little more depth than I’d expected.

The _Iron Man_ movies famously have had the most disappointing bad-guy-show-downs in the genre. And though here Black gives us much more of a delivery on this front than Favreau ever did, the issues I had with _Iron Man 3_ came (almost) exclusively from A.I.M, the Mandarin and Extremis (which form the antagonist trinity now that I think of it).

So, we’ve got better a better final confrontation, but from less integral bad guys. A more human hero, stuck in a less human adventure. A better interlocking of characters, with less to do on screen. I could go on with this roller coaster, but that word essentially sums up the film. Not in that its a cliched “thrill ride”, but in that it’s a constant mess of ups and downs, with the final destination just barely justifying the start point.

Speaking non-comparitively, _Iron Man 3_ makes a good movie. Not great. But so very, very worth the watch. It’s hard for me to think objectively separate from the other films in the MCU, because I’ve seen them all so many times that there’s no way for me to forget all that’s come before when watching the movie. I’d be interested to hear from somebody who’s watched _Iron Man 3_, but not _Iron Man 1_ & _2_ or _The Avengers_. I’m sure such a person exists somewhere, and if so your input would be greatly appreciated.

I think I might have made it seem as if I disliked Iron Man 3 more than I actually did. Here’s why. From _Iron Man 2_ until _The Avengers_, I watched all the MCU films in cinemas. After each one, I immediately got that feeling of wanting to go back and watch it again, a feeling that steadily grew as time passed. Each film that Marvel released had me feeling this more strongly than the last, culminating in _The Avengers_ which I saw six times in theatres, and immediately pre-ordered the whole set on Blu-Ray the moment it became available (I bought a PS3 for the sole purpose of watching them). But with _Iron Man 3_ I sort of dropped back to a pretty low interest level once I’d left Hoyts. It seemed that although it was a really good watch, it just didn’t have the staying power I’d come to expect from these incredible Super Hero films.

67%

-_Gimly_",2018-06-05,1874
68721,Iron Man 3,2013-04-18,Iron Man,5c8426db0e0a2643106327e4,"I don't understand the hate for this one. The fact that Tony Stark is barely in the suit makes for an interesting take on analyzing the humanity of the character. I also found the villain plot twist halfway through the movie to be quite clever and surprisingly satisfying.

It certainly feels more like a Shane Black movie than an Iron Man movie, but that's a great thing. It shows Marvel is willing to give their filmmakers a voice and the room to take risks in their storytelling. Iron Man 3 is a very risky movie, and to me it paid off.",2019-03-09,2151
68721,Iron Man 3,2013-04-18,Iron Man,5eee8e62c86b3a003545a177,"When I first saw this in 2013, strongly disliked it but decided to give it another watch during my re-visit of the MCU and... kind of enjoyed it, quite a bit. Still not fond of the twist wasting  a great actor in Ben Kingsley to be a decoy Mandarin and instead having a cheesy one with Guy Pearce's Aldrich Killian and his lame ""I AM THE MANDORIAN!"" line. But all in all, a good step up from Iron Man 2. **3.75/5**",2020-06-20,2620
68721,Iron Man 3,2013-04-18,Iron Man,60037a23223e20003db998b0,"Very good.

<em>'Iron Man 3'</em> offers an entertaining 130 minutes. I enjoyed seeing the plot unfold, it isn't anything revolutionarily fresh but it's done in a way that's interesting to watch. The score and effects are great.

Robert Downey Jr. continues to be a lot of fun as the lead, while Don Cheadle is more enjoyable than he is in <em>'Iron Man 2'</em>. Guy Pearce and Ben Kingsley are good to watch too, the latter amused me more than I thought he would.

I'd rank this higher than the 2010 sequel, though it's still a fair distance off the original. This 2013 film leaves a positive impression.",2021-01-16,2830
68721,Iron Man 3,2013-04-18,Iron Man,611c172ddd2589002d63fb4f,"_**Worthwhile, but a bit of a letdown compared to the snappy ""Iron Man 2""**_

Released in 2013, ""Iron Man 3"" stars Robert Downey Jr. as Tony Stark in this third installment where Shellhead takes on the so-called Mandarin (Ben Kingsley) and A.I.M. (Advanced Idea Mechanics), led by Killian (Guy Pearce). After Stark's personal world is destroyed, he is left to survive by relying on his ingenuity and instincts to rise from the ashes and protect those closest to him, like Pepper (Gwyneth Paltrow). In the process Tony seeks to answer a question that has haunted him: Does the suit of armor make the man or does the man make the suit of armor? Don Cheadle and Jon Favreau are on hand as James Rhodes (War Machine) and Happy Hogan respectively while Rebecca Hall plays an agent of A.I.M.

After the absolutely kinetic (and inexplicably criticized) ""Iron Man 2"" this third part of the trilogy is a bit of a letdown. It's a quality superhero movie, but the first act is lethargic compared to the dynamic initial reel of the previous movie. Things pick up in the second act as Stark is separated from his loved ones and presumed dead, forced to team up with a brainiac kid. While some claim that the movie's ""more serious"" than ""Iron Man 2,"" it has the same tone and the same main characters/cast; the amount of ""more seriousness"" is marginal.

People say ""Iron Man 3"" plays better on repeat viewings, so I'll update this review after future viewings. But I was letdown by the lame representation of the Mandarin, the ambiguous powers of the A.I.M. operatives, the myriad Iron Man suits functioning without a person in them and the fact that everyone and their brother dons the Iron Man armor or parts of it. For instance, Pepper morphs into a veritable superheroine at one point. Nevertheless, it's not bad at all and the cast is great with Rebecca Hall and Guy Pearce effective in their roles.

The movie runs 130 minutes and was shot North Carolina, Southern California and Miami.

GRADE: C+",2021-08-17,3043
68721,Iron Man 3,2013-04-18,Iron Man,62f85cd5175051007f9033db,"**It's a substantially weaker film than its two predecessors.**

After two frankly good films, I was curious to see what this film would bring to the public, who immediately set out to fill the studio's coffers with their tickets money. Marvel has discovered an excellent financial lode by transposing most of its characters to the cinema, and this film is destined to be a box office success, although the quality is much more questionable.

I'll start with what I usually leave for last: the technical aspects and production values ​​are really excellent and constitute the strongest and most solid point of the film. Directed by Jon Favreau, who has held his chair since the first “Iron Man”, the film has retained most of the crew and core cast, which helps give the trilogy the flavor of a unique work. With a solid bet on more flashy, loud and spectacular action, the film wants to appeal to a young audience that wants something big, where CGI and effects can create authenticity and a sense of danger. The quality of the effects is undeniable, but the excessive action takes a toll on the final set. It looks like a video game, a recurring mistake in these types of movies.

In addition, the film has good cinematography, it was beautifully shot, it is sharp, and it has excellent colors and light. The work of the stuntmen is meritorious, yet regularly forgotten in the minds of viewers. The sets and costumes are very good, especially Tony Stark's house and the various armors from the movie. Another word for the soundtrack, by Dwight Yoakim, which proved to be up to the task without, however, proving to be memorable.

The cast includes most of the names we already know from the previous two films, with Robert Downey Jr. the most relevant for maintaining the leading role. The actor is good, deserves our credit, and I recognize that he tried to give his character a greater maturity and sense of experience. In this film, Stark is a much more mature, traumatized, tired and even fragile man, and his relationship with Pots has become more formal and firm, causing the former playboy to settle down and carry on a serious love relationship. I understand that this may displease some, but the film seems to take place several years after its predecessor, “Iron Man 2”, and makes mention of several events, in the meantime. With excellent technical work and the use of excellent makeup artists, Ben Kingsley shone in the role he was given and which is clearly one of the best of his recent career. Paltrow and Cheadle also leave us a positive record of his work, although it wasn't as intense as one would expect. Favreau, in addition to directing the film, has a brief funny cameo as Happy. But it's Guy Pearce and Rebecca Hall we should be worried about: they do what they can, and yet the film didn't give them much of a chance to do more and better.

The biggest problem with this movie is, of course, the plot and writing of the script, dialogues and scenes. Attempts at comedy are very unpleasant, and Stark, who once had almost a barrage of phrases and jokes for all occasions, is now a serious and weary man. The material given to the actors is scarce and does not bring anything really good. In addition, the film has almost no connection with the previous films, and especially “Iron Man 2”, whose events are never really spoken by anyone.",2022-08-14,3405
68721,Iron Man 3,2013-04-18,Iron Man,6323c5fb1b722c007fee5791,"**While the deeper dive into Tony Stark and his past is welcomed, the execution came up a little short compared to Iron Man’s MCU entries.**

Iron Man 3 might be my least favorite of the Iron Man franchise, but it's still a great movie. Iron Man 3 focuses much more on Tony Stark and his trauma following The Avengers rather than on Iron Man and the suit. A large portion of the film and even some action scenes explore who Stark is without the high-tech suit or fancy technology in general. Stark grapples with the fallout of past decisions and has to decide who he is at his core without the money or Iron Man. As expected, the entire cast dazzles in their performances, from Robert Downey Jr. To Don Cheadle to Gwyneth Paltrow, but the true standout is Ben Kingsley's Mandarin. Iron Man 3 is all about Stark's growth and development, and while that's a great idea, its poor villain and lack of actual Iron Man leave the film feeling a little hollow. I still appreciated the movie and its Christmas cheer, but the MCU has far better Iron Man movies and moments to enjoy.",2022-09-16,3438
68721,Iron Man 3,2013-04-18,Iron Man,64a5082ada10f000e2257d1c,Once again another movie with very little action. Im really disappointed in these movies. Sure the stories are good but that's it.,2023-07-05,3730
68721,Iron Man 3,2013-04-18,Iron Man,66579077fee66effb5e4ea07,"[MAJOR SPOILERS]
This is one of the most disappointing movies ever. From trailers and earlier parts of the movie, the Mandarin is hyped up to be this super powerful terrorist threat against Iron Man. I expected it to end with Stark defending America against some big plot or scheme from the Mandarin. Instead, at the end he is revealed to be some pussy in a cave.

4/10",2024-05-29,4059
68721,Iron Man 3,2013-04-18,Iron Man,68cc187221624754740739d9,"Rewatched for the Once Upon a Franchise podcast. Listen to the full episode here: https://open.spotify.com/episode/0eSEgU1RvyiXLOfhXaw6BV?si=dbdb37bec9d24609&nd=1&dlsi=d1b8e122e0cf4678

Shane Black's authorial stamp is all over IRON MAN 3, for better AND worse. From the fast-paced, witty dialogue to the buddy-cop dynamics he injects into Tony Stark's relationships, the filmmaker succeeds most when deconstructing the main hero, forcing him out of the suit to grapple with his PTSD from the previous New York alien invasion, which provides genuine thematic weight. However, this is consistently undercut by a frustratingly superficial treatment of other serious subject matters, which is often played for laughs, creating a jarring tonal imbalance. This extends to other subplots, leaving the movie feeling caught between a serious character study and a flippant action-comedy, a conflict even the exceptional performance from Robert Downey Jr. (Sherlock Holmes) can't fully resolve.

The infamous Mandarin twist can admittedly be seen as foreshadowed by Ben Kingsley's (Gandhi) theatrical performance, but in subverting expectations, Black neuters its central threat, replacing a compelling villain with the bland, structurally disconnected Aldrich Killian. This narrative issue mirrors the action sequences; for every standout moment like the attack on Tony's home or the spectacular mid-air rescue, there are stretches of messy editing and distracting CGI. The result is a uniquely divisive entry, full of clever ideas that don't quite merge into a satisfying whole, but entertaining nonetheless.

Rating: B-",2025-09-18,4536
